ticker,name,currency,exchange,industry,logo,weburl,environment_grade,environment_level,social_grade,social_level,governance_grade,governance_level,environment_score,social_score,governance_score,total_score,total_grade,total_level,cik,Formatted Date,ticker/date,_id,Adj Close,Close,High,Low,Open,Volume
DIS,Walt Disney Co,USD,"NEW YORK STOCK EXCHANGE, INC.",Media,https://static.finnhub.io/logo/ef50b4a2b263c847211b567a01edb702cae8b9ef46ca1f6856ca4432a70e9f52.png,https://thewaltdisneycompany.com/,A,High,BB,Medium,BB,Medium,510,316,321,1147,BBB,High,1744489,04/19/2022,DIS04/19/2022,662183b3f6fcf517c9216388,131.89999389648438,131.89999389648438,133.19000244140625,127.79000091552734,128.08999633789062,12767200.0
GWW,WW Grainger Inc,USD,"NEW YORK STOCK EXCHANGE, INC.",Trading Companies and Distributors,https://static.finnhub.io/logo/f153dcda-80eb-11ea-bc2e-00000000092a.png,https://www.grainger.com/,B,Medium,BB,Medium,B,Medium,255,385,240,880,BB,Medium,277135,04/19/2022,GWW04/19/2022,662183b3f6fcf517c9217047,496.6799926757813,507.7300109863281,508.9500122070313,490.1300048828125,493.489990234375,308700.0
LVS,Las Vegas Sands Corp,USD,"NEW YORK STOCK EXCHANGE, INC.",Hotels Restaurants and Leisure,https://static.finnhub.io/logo/7256a9be-8279-11ea-874d-00000000092a.png,https://www.sands.com/,A,High,BB,Medium,BB,Medium,547,318,313,1178,BBB,High,1300514,04/18/2022,LVS04/18/2022,662183b2f6fcf517c920a456,36.650001525878906,36.650001525878906,36.95000076293945,36.209999084472656,36.68999862670898,5100200.0
MHK,Mohawk Industries Inc,USD,"NEW YORK STOCK EXCHANGE, INC.",Consumer products,https://static.finnhub.io/logo/26868a62-80ec-11ea-9712-00000000092a.png,https://mohawkind.com/,A,High,B,Medium,BB,Medium,570,298,303,1171,BBB,High,851968,04/18/2022,MHK04/18/2022,662183b2f6fcf517c920c6a7,122.88999938964844,122.88999938964844,125.08000183105467,121.41000366210938,123.37000274658205,357700.0
LYV,Live Nation Entertainment Inc,USD,"NEW YORK STOCK EXCHANGE, INC.",Media,https://static.finnhub.io/logo/1cd144d2-80ec-11ea-b50a-00000000092a.png,https://www.livenationentertainment.com/,BBB,High,BB,Medium,B,Medium,492,310,250,1052,BBB,High,1335258,04/18/2022,LYV04/18/2022,662183b2f6fcf517c920a840,109.23999786376952,109.23999786376952,111.3000030517578,108.23999786376952,111.0199966430664,1277000.0
ABNB,Airbnb Inc,USD,NASDAQ NMS - GLOBAL MARKET,Hotels Restaurants and Leisure,https://static2.finnhub.io/file/publicdatany/finnhubimage/stock_logo/ABNB.png,https://www.airbnb.co.in/,A,High,A,High,BBB,High,505,570,400,1475,A,High,1559720,10/06/2022,ABNB10/06/2022,662183b0f6fcf517c91f962e,111.58000183105467,111.58000183105467,114.41000366210938,110.1999969482422,112.0,3446500.0
ADP,Automatic Data Processing Inc,USD,NASDAQ NMS - GLOBAL MARKET,Technology,https://static.finnhub.io/logo/987cc1f6-80df-11ea-96e8-00000000092a.png,https://www.adp.com/,A,High,BB,Medium,B,Medium,500,300,200,1000,BBB,High,8670,07/25/2022,ADP07/25/2022,662183b1f6fcf517c91fbc3a,210.36782836914065,218.3800048828125,221.22000122070312,216.8500061035156,221.0,872700.0
AEP,American Electric Power Company Inc,USD,NASDAQ NMS - GLOBAL MARKET,Utilities,https://static.finnhub.io/logo/65ca8abe-80eb-11ea-9cac-00000000092a.png,https://www.aep.com/,A,High,BB,Medium,BB,Medium,500,300,300,1100,BBB,High,4904,04/20/2022,AEP04/20/2022,662183b0f6fcf517c91fa46f,95.2671127319336,102.83000183105467,103.33999633789062,102.26000213623048,102.98999786376952,2335100.0
BKNG,Booking Holdings Inc,USD,NASDAQ NMS - GLOBAL MARKET,Hotels Restaurants and Leisure,https://static.finnhub.io/logo/a8fcd262-80e0-11ea-9907-00000000092a.png,https://www.bookingholdings.com/,A,High,BB,Medium,BB,Medium,558,306,310,1174,BBB,High,1075531,10/06/2022,BKNG10/06/2022,662183b1f6fcf517c91fd00a,1705.3658447265625,1709.72998046875,1732.9100341796875,1692.6099853515625,1723.6700439453125,371300.0
CME,CME Group Inc,USD,NASDAQ NMS - GLOBAL MARKET,Financial Services,https://static.finnhub.io/logo/121b709a86980d7eb8db8589918a76d3db9e4e428b05857011dbd8957fd059bf.png,https://www.cmegroup.com/,BB,Medium,B,Medium,B,Medium,375,237,200,812,BB,Medium,1156375,07/26/2022,CME07/26/2022,662183b1f6fcf517c91ffbf6,186.3018798828125,203.77999877929688,205.5599975585937,202.8800048828125,204.4499969482422,1186900.0
LKQ,LKQ Corp,USD,NASDAQ NMS - GLOBAL MARKET,Distributors,https://static.finnhub.io/logo/0846719a1ab7311db60cef58b6985f4e9269ceb9eaf89e63efc354b2188280a1.png,https://www.lkqcorp.com/,A,High,BB,Medium,BB,Medium,515,300,305,1120,BBB,High,1065696,04/18/2022,LKQ04/18/2022,662183b2f6fcf517c920a93d,45.82877731323242,47.790000915527344,48.18999862670898,46.83000183105469,46.83000183105469,2153000.0
MAR,Marriott International Inc,USD,NASDAQ NMS - GLOBAL MARKET,Hotels Restaurants and Leisure,https://static.finnhub.io/logo/1f7dc93a-80ec-11ea-a5dc-00000000092a.png,https://www.marriott.com/,B,Medium,B,Medium,B,Medium,215,200,215,630,B,Medium,1048286,04/18/2022,MAR04/18/2022,662183b2f6fcf517c920b30b,183.1499938964844,183.1499938964844,184.9499969482422,179.22999572753906,179.22999572753906,2961100.0
MCHP,Microchip Technology Inc,USD,NASDAQ NMS - GLOBAL MARKET,Semiconductors,https://static.finnhub.io/logo/35e836b8-80e0-11ea-855a-00000000092a.png,https://www.microchip.com/,A,High,BB,Medium,BB,Medium,500,300,300,1100,BBB,High,827054,04/18/2022,MCHP04/18/2022,662183b2f6fcf517c920c1c0,67.23999786376953,67.23999786376953,68.20999908447266,65.0,65.0,6758400.0
LRCX,Lam Research Corp,USD,NASDAQ NMS - GLOBAL MARKET,Semiconductors,https://static.finnhub.io/logo/b05d9f52-80e0-11ea-8823-00000000092a.png,https://www.lamresearch.com/,A,High,BB,Medium,BB,Medium,510,325,315,1150,BBB,High,707549,04/18/2022,LRCX04/18/2022,662183b2f6fcf517c920a260,458.8342590332031,470.5499877929688,473.0,451.0,451.2799987792969,1663100.0
MDLZ,Mondelez International Inc,USD,NASDAQ NMS - GLOBAL MARKET,Food Products,https://static.finnhub.io/logo/10b5dc9a-80ec-11ea-897a-00000000092a.png,https://www.mondelezinternational.com/,A,High,BB,Medium,BB,Medium,520,307,300,1127,BBB,High,1103982,04/18/2022,MDLZ04/18/2022,662183b2f6fcf517c920c998,60.65455627441406,63.56999969482422,64.0199966430664,63.25,63.619998931884766,5777600.0
META,Meta Platforms Inc,USD,NASDAQ NMS - GLOBAL MARKET,Media,https://static2.finnhub.io/file/publicdatany/finnhubimage/stock_logo/FB.png,https://www.facebook.com,B,Medium,B,Medium,B,Medium,205,232,215,652,B,Medium,1326801,04/22/2022,META04/22/2022,662183b2f6fcf517c920bdd7,183.9148712158203,184.1100006103516,192.72000122070312,183.2700042724609,190.3699951171875,36426800.0
MKTX,Marketaxess Holdings Inc,USD,NASDAQ NMS - GLOBAL MARKET,Financial Services,https://static.finnhub.io/logo/4a309d80-80e1-11ea-8514-00000000092a.png,https://www.marketaxess.com/,B,Medium,B,Medium,B,Medium,230,213,210,653,B,Medium,1278021,04/18/2022,MKTX04/18/2022,662183b2f6fcf517c920b20f,251.56500244140625,257.1199951171875,265.42999267578125,256.260009765625,264.2099914550781,438100.0
MNST,Monster Beverage Corp,USD,NASDAQ NMS - GLOBAL MARKET,Beverages,https://static.finnhub.io/logo/18126d0c-80e0-11ea-a414-00000000092a.png,http://monsterbevcorp.com/,A,High,BB,Medium,BB,Medium,515,344,300,1159,BBB,High,865752,04/18/2022,MNST04/18/2022,662183b2f6fcf517c920cb8e,41.220001220703125,41.220001220703125,41.415000915527344,40.8650016784668,41.02999877929688,4421000.0
MRNA,Moderna Inc,USD,NASDAQ NMS - GLOBAL MARKET,Biotechnology,https://static.finnhub.io/logo/a024deee-80da-11ea-9046-00000000092a.png,https://www.modernatx.com/,A,High,BB,Medium,BB,Medium,500,300,300,1100,BBB,High,1682852,04/18/2022,MRNA04/18/2022,662183b2f6fcf517c920c5a9,154.75,154.75,165.88999938964844,154.27000427246094,165.0,4826000.0
MTCH,Match Group Inc,USD,NASDAQ NMS - GLOBAL MARKET,Media,https://static2.finnhub.io/file/publicdatany/finnhubimage/stock_logo/4295908221.png,https://www.mtch.com/,B,Medium,BB,Medium,BB,Medium,245,389,311,945,BBB,High,891103,04/18/2022,MTCH04/18/2022,662183b2f6fcf517c920b7f2,90.47000122070312,90.47000122070312,91.6999969482422,89.37000274658203,91.3000030517578,2023000.0
MPWR,Monolithic Power Systems Inc,USD,NASDAQ NMS - GLOBAL MARKET,Semiconductors,https://static.finnhub.io/logo/3ec1921c-80e1-11ea-b9d8-00000000092a.png,https://www.monolithicpower.com/,BB,Medium,B,Medium,B,Medium,330,287,235,852,BB,Medium,1280452,04/18/2022,MPWR04/18/2022,662183b2f6fcf517c920ca90,419.2718200683594,425.9200134277344,429.4500122070313,407.7200012207031,407.7200012207031,441500.0
MSFT,Microsoft Corp,USD,NASDAQ NMS - GLOBAL MARKET,Technology,https://static.finnhub.io/logo/25e313016e9fac0f4b78bbd7e3afded45a8136b17f450c262aea14beed438191.png,https://www.microsoft.com/en-us,AA,Excellent,BBB,High,BB,Medium,715,443,375,1533,A,High,789019,04/27/2022,MSFT04/27/2022,662183b2f6fcf517c920c3ba,283.2200012207031,283.2200012207031,290.9700012207031,279.1600036621094,282.1000061035156,63477700.0
MU,Micron Technology Inc,USD,NASDAQ NMS - GLOBAL MARKET,Semiconductors,https://static.finnhub.io/logo/33e8930c-80ec-11ea-a30a-00000000092a.png,https://www.micron.com/,A,High,BB,Medium,BB,Medium,530,330,300,1160,BBB,High,723125,04/18/2022,MU04/18/2022,662183b2f6fcf517c920c2b8,70.14643096923828,71.1500015258789,72.0999984741211,70.05000305175781,70.25,17476700.0
NDAQ,Nasdaq Inc,USD,NASDAQ NMS - GLOBAL MARKET,Financial Services,https://static2.finnhub.io/file/publicdatany/finnhubimage/stock_logo/NDAQ_8589934167.png,https://www.nasdaq.com/,A,High,BB,Medium,BB,Medium,505,310,300,1115,BBB,High,1120193,04/18/2022,NDAQ04/18/2022,662183b2f6fcf517c920d171,57.6792221069336,59.4466667175293,59.61333465576172,58.883331298828125,59.176666259765625,1360200.0
NTRS,Northern Trust Corp,USD,NASDAQ NMS - GLOBAL MARKET,Financial Services,https://static.finnhub.io/logo/729a6714ac01ab49a6f558cdeaf2d29037d313f87e6acd4af638a8152a23b9fc.png,https://www.northerntrust.com/united-states/,B,Medium,B,Medium,B,Medium,250,226,225,701,B,Medium,73124,04/18/2022,NTRS04/18/2022,662183b2f6fcf517c920dc39,103.0026626586914,110.4000015258789,111.52999877929688,109.66999816894533,110.52999877929688,1022300.0
NVDA,NVIDIA Corp,USD,NASDAQ NMS - GLOBAL MARKET,Semiconductors,https://static2.finnhub.io/file/publicdatany/finnhubimage/stock_logo/NVDA.png,https://www.nvidia.com/,BB,Medium,BB,Medium,B,Medium,323,301,275,899,BB,Medium,1045810,04/18/2022,NVDA04/18/2022,662183b2f6fcf517c920e120,217.8300018310547,217.8300018310547,220.8800048828125,210.7899932861328,212.0,52570100.0
NWSA,News Corp,USD,NASDAQ NMS - GLOBAL MARKET,Media,https://static.finnhub.io/logo/38632848-80ce-11ea-a34f-00000000092a.png,https://newscorp.com/,A,High,BB,Medium,BB,Medium,509,300,300,1109,BBB,High,1564708,04/18/2022,NWSA04/18/2022,662183b2f6fcf517c920d559,21.18000030517578,21.18000030517578,21.34000015258789,20.959999084472656,21.14999961853028,1769700.0
ODFL,Old Dominion Freight Line Inc,USD,NASDAQ NMS - GLOBAL MARKET,Road and Rail,https://static.finnhub.io/logo/8b7ba59a51614579f97c95184c2a54ab36d44842d9bf5350e077217523059382.png,https://www.odfl.com/,BBB,High,BBB,High,B,Medium,467,423,280,1170,BBB,High,878927,04/18/2022,ODFL04/18/2022,662183b3f6fcf517c920e607,132.69500732421875,132.69500732421875,133.69500732421875,130.64999389648438,131.6750030517578,1881400.0
PCAR,Paccar Inc,USD,NASDAQ NMS - GLOBAL MARKET,Machinery,https://static4.finnhub.io/file/publicdatany2/stock_logo/PCAR_4295907525.jpg,https://www.paccar.com/,A,High,BB,Medium,BB,Medium,568,343,305,1216,A,High,75362,04/18/2022,PCAR04/18/2022,662183b3f6fcf517c920ebe9,51.19948196411133,55.893333435058594,56.25333404541016,55.426666259765625,55.46666717529297,2039850.0
NXPI,NXP Semiconductors NV,USD,NASDAQ NMS - GLOBAL MARKET,Semiconductors,https://static.finnhub.io/logo/86154d10-80c9-11ea-9926-00000000092a.png,https://www.nxp.com/,A,High,BB,Medium,BB,Medium,505,329,305,1139,BBB,High,1413447,04/18/2022,NXPI04/18/2022,662183b3f6fcf517c920e316,166.3865203857422,173.25,176.72999572753906,169.14999389648438,169.6999969482422,2138300.0
ORLY,O'Reilly Automotive Inc,USD,NASDAQ NMS - GLOBAL MARKET,Retail,https://static.finnhub.io/logo/e7e4dff0-826a-11ea-8801-00000000092a.png,https://corporate.oreillyauto.com/corporate/,A,High,BB,Medium,BB,Medium,500,300,300,1100,BBB,High,898173,04/18/2022,ORLY04/18/2022,662183b3f6fcf517c920e411,721.6199951171875,721.6199951171875,727.3499755859375,709.9099731445312,710.0,469700.0
PAYX,Paychex Inc,USD,NASDAQ NMS - GLOBAL MARKET,Technology,https://static.finnhub.io/logo/acaa8fac-80e0-11ea-9d58-00000000092a.png,https://www.paychex.com/,A,High,BB,Medium,B,Medium,500,300,200,1000,BBB,High,723531,07/26/2022,PAYX07/26/2022,662183b3f6fcf517c920f114,115.29547119140624,121.2300033569336,122.5500030517578,120.75,121.81999969482422,1633600.0
PFG,Principal Financial Group Inc,USD,NASDAQ NMS - GLOBAL MARKET,Insurance,https://static.finnhub.io/logo/52a59ab6-80ec-11ea-b750-00000000092a.png,https://www.principal.com/,A,High,BB,Medium,BB,Medium,555,320,300,1175,BBB,High,1126328,04/18/2022,PFG04/18/2022,662183b3f6fcf517c920ff85,68.98334503173828,73.91999816894531,74.4000015258789,73.4800033569336,73.63999938964844,1036100.0
ROST,Ross Stores Inc,USD,NASDAQ NMS - GLOBAL MARKET,Retail,https://static.finnhub.io/logo/d0674d8a-826a-11ea-8077-00000000092a.png,https://www.rossstores.com/,BB,Medium,BB,Medium,BB,Medium,375,325,300,1000,BBB,High,745732,04/19/2022,ROST04/19/2022,662183b3f6fcf517c92119ff,104.79954528808594,107.36000061035156,107.8499984741211,104.33000183105467,104.37999725341795,3030200.0
SBAC,SBA Communications Corp,USD,NASDAQ NMS - GLOBAL MARKET,Real Estate,https://static.finnhub.io/logo/19c8edbbf482503d3a876417a19001cfb20a28894f61df4606c75b8d5657da21.png,https://ir.sbasite.com/overview/default.aspx,B,Medium,B,Medium,B,Medium,250,251,215,716,B,Medium,1034054,04/19/2022,SBAC04/19/2022,662183b3f6fcf517c9211de8,360.9100036621094,360.9100036621094,364.1799926757813,354.6700134277344,356.5199890136719,493400.0
QCOM,Qualcomm Inc,USD,NASDAQ NMS - GLOBAL MARKET,Semiconductors,https://static.finnhub.io/logo/28159d10-80e1-11ea-b725-00000000092a.png,https://www.qualcomm.com/,BBB,High,BB,Medium,BB,Medium,409,300,300,1009,BBB,High,804328,04/19/2022,QCOM04/19/2022,662183b3f6fcf517c9210a4f,134.3489227294922,141.0500030517578,141.39999389648438,137.5399932861328,138.8300018310547,7213800.0
POOL,Pool Corp,USD,NASDAQ NMS - GLOBAL MARKET,Distributors,https://static.finnhub.io/logo/ac59de52-80e0-11ea-9ff4-00000000092a.png,https://www.poolcorp.com/,A,High,BB,Medium,BB,Medium,525,306,313,1144,BBB,High,945841,04/18/2022,POOL04/18/2022,662183b3f6fcf517c920fc94,400.9706726074219,410.489990234375,416.55999755859375,404.5499877929688,411.1900024414063,282800.0
PEP,PepsiCo Inc,USD,NASDAQ NMS - GLOBAL MARKET,Beverages,https://static2.finnhub.io/file/publicdatany/finnhubimage/stock_logo/PEP_4295904718.png,https://www.pepsico.com/,AA,Excellent,BB,Medium,BB,Medium,719,340,358,1417,A,High,77476,04/18/2022,PEP04/18/2022,662183b3f6fcf517c920f4bc,161.1785888671875,170.4199981689453,172.30999755859375,169.9600067138672,171.22000122070312,3086000.0
SBUX,Starbucks Corp,USD,NASDAQ NMS - GLOBAL MARKET,Hotels Restaurants and Leisure,https://static.finnhub.io/logo/8d4c97ac-80e0-11ea-b957-00000000092a.png,https://www.starbucks.com/,BBB,High,BB,Medium,B,Medium,475,385,295,1155,BBB,High,829224,04/19/2022,SBUX04/19/2022,662183b3f6fcf517c9212ba5,81.22000122070312,81.22000122070312,81.54000091552734,79.41000366210938,79.62000274658203,8622100.0
REG,Regency Centers Corp,USD,NASDAQ NMS - GLOBAL MARKET,Real Estate,https://static.finnhub.io/logo/5ecc68e8-80ec-11ea-af0b-00000000092a.png,https://www.regencycenters.com/,A,High,BB,Medium,BB,Medium,575,372,365,1312,A,High,910606,04/19/2022,REG04/19/2022,662183b3f6fcf517c9211031,65.80526733398438,71.62999725341797,71.91000366210938,70.66000366210938,70.66000366210938,817900.0
QRVO,Qorvo Inc,USD,NASDAQ NMS - GLOBAL MARKET,Semiconductors,https://static.finnhub.io/logo/6008ddde-80d1-11ea-8e0e-00000000092a.png,https://www.qorvo.com/,A,High,BB,Medium,BB,Medium,535,310,305,1150,BBB,High,1604778,04/19/2022,QRVO04/19/2022,662183b3f6fcf517c9210856,117.33999633789062,117.33999633789062,117.66000366210938,115.16000366210938,115.43000030517578,740100.0
PTC,PTC Inc,USD,NASDAQ NMS - GLOBAL MARKET,Technology,https://static.finnhub.io/logo/29d81df0-80e1-11ea-8920-00000000092a.png,https://www.ptc.com/,A,High,BB,Medium,BB,Medium,550,302,308,1160,BBB,High,857005,04/19/2022,PTC04/19/2022,662183b3f6fcf517c9210565,99.91999816894533,99.91999816894533,100.77999877929688,98.81999969482422,99.37999725341795,478700.0
PYPL,PayPal Holdings Inc,USD,NASDAQ NMS - GLOBAL MARKET,Technology,https://static.finnhub.io/logo/58e310c0-80d2-11ea-8993-00000000092a.png,https://www.paypal.com/,BB,Medium,B,Medium,B,Medium,370,244,285,899,BB,Medium,1633917,04/18/2022,PYPL04/18/2022,662183b3f6fcf517c920f2c6,100.58000183105467,100.58000183105467,103.0,99.13500213623048,102.0500030517578,15342400.0
REGN,Regeneron Pharmaceuticals Inc,USD,NASDAQ NMS - GLOBAL MARKET,Biotechnology,https://static.finnhub.io/logo/94aceb0a-80e0-11ea-a230-00000000092a.png,https://www.regeneron.com/,A,High,BB,Medium,BB,Medium,505,327,305,1137,BBB,High,872589,04/19/2022,REGN04/19/2022,662183b3f6fcf517c921112c,716.219970703125,716.219970703125,725.8099975585938,710.5999755859375,724.2000122070312,468000.0
SNPS,Synopsys Inc,USD,NASDAQ NMS - GLOBAL MARKET,Technology,https://static.finnhub.io/logo/b5dff9e4-80e0-11ea-b347-00000000092a.png,https://www.synopsys.com/,A,High,BB,Medium,BB,Medium,525,316,315,1156,BBB,High,883241,04/19/2022,SNPS04/19/2022,662183b3f6fcf517c9213282,306.3299865722656,306.3299865722656,307.19000244140625,294.739990234375,294.739990234375,679600.0
STX,Seagate Technology Holdings PLC,USD,NASDAQ NMS - GLOBAL MARKET,Technology,https://static.finnhub.io/logo/1b9ae09b2197a137d5e26ef7606d068678109eab18fefac2f4994c3ab827a080.png,https://investors.seagate.com/overview/default.aspx,A,High,BB,Medium,BB,Medium,540,355,300,1195,BBB,High,1137789,04/19/2022,STX04/19/2022,662183b3f6fcf517c9211fe1,84.12999725341797,84.12999725341797,84.44000244140625,81.27999877929688,81.51000213623047,1865400.0
TER,Teradyne Inc,USD,NASDAQ NMS - GLOBAL MARKET,Semiconductors,https://static.finnhub.io/logo/8211e574-80ec-11ea-b01d-00000000092a.png,https://www.teradyne.com/,A,High,BB,Medium,BB,Medium,507,328,315,1150,BBB,High,97210,04/19/2022,TER04/19/2022,662183b3f6fcf517c9213d4b,112.61000061035156,112.61000061035156,112.97000122070312,107.30999755859376,108.62000274658205,1620700.0
SWKS,Skyworks Solutions Inc,USD,NASDAQ NMS - GLOBAL MARKET,Semiconductors,https://static.finnhub.io/logo/6d9737aa218175cf0ecab9fbfde6531a45cb826eab7877356403e5b905bcca2f.png,https://www.skyworksinc.com/,A,High,BB,Medium,B,Medium,515,303,270,1088,BBB,High,4127,04/19/2022,SWKS04/19/2022,662183b3f6fcf517c92124c5,116.05653381347656,122.0,122.1999969482422,118.16000366210938,119.48999786376952,1564300.0
TRMB,Trimble Inc,USD,NASDAQ NMS - GLOBAL MARKET,Electrical Equipment,https://static.finnhub.io/logo/f89b3dba-80e0-11ea-a642-00000000092a.png,https://www.trimble.com/,A,High,BBB,High,BB,Medium,550,415,315,1280,A,High,864749,04/19/2022,TRMB04/19/2022,662183b3f6fcf517c9214718,69.30999755859375,69.30999755859375,69.38999938964844,66.9000015258789,66.93000030517578,529600.0
TROW,T Rowe Price Group Inc,USD,NASDAQ NMS - GLOBAL MARKET,Financial Services,https://static.finnhub.io/logo/f20081c2-80e0-11ea-aa51-00000000092a.png,https://www.troweprice.com,A,High,BB,Medium,BB,Medium,510,325,310,1145,BBB,High,1113169,04/19/2022,TROW04/19/2022,662183b3f6fcf517c9213572,132.90150451660156,145.1199951171875,145.30999755859375,139.5800018310547,139.5800018310547,1012900.0
TTWO,Take-Two Interactive Software Inc,USD,NASDAQ NMS - GLOBAL MARKET,Media,https://static.finnhub.io/logo/c1e64458-80e0-11ea-8873-00000000092a.png,https://www.take2games.com/,B,Medium,BB,Medium,BB,Medium,225,307,310,842,BB,Medium,946581,04/19/2022,TTWO04/19/2022,662183b3f6fcf517c921366e,140.3699951171875,140.3699951171875,140.69000244140625,134.49000549316406,134.5399932861328,2485900.0
TSLA,Tesla Inc,USD,NASDAQ NMS - GLOBAL MARKET,Automobiles,https://static.finnhub.io/logo/2dd96524-80c9-11ea-aaac-00000000092a.png,https://www.tesla.com/,A,High,CCC,Low,B,Medium,555,160,278,993,BBB,High,1318605,04/19/2022,TSLA04/19/2022,662183b3f6fcf517c9213e45,342.7166748046875,342.7166748046875,344.9800109863281,331.77667236328125,335.0199890136719,49847700.0
TXN,Texas Instruments Inc,USD,NASDAQ NMS - GLOBAL MARKET,Semiconductors,https://static.finnhub.io/logo/8e047d7e-80ec-11ea-a11f-00000000092a.png,https://www.ti.com/,A,High,BB,Medium,BB,Medium,500,300,300,1100,BBB,High,97476,04/19/2022,TXN04/19/2022,662183b3f6fcf517c9213f41,179.05999755859375,179.05999755859375,179.33999633789062,175.22999572753906,175.41000366210938,4671900.0
TMUS,T-Mobile US Inc,USD,NASDAQ NMS - GLOBAL MARKET,Telecommunication,https://static.finnhub.io/logo/4ffaa8b8-80ec-11ea-94ca-00000000092a.png,https://www.t-mobile.com/,BB,Medium,BB,Medium,B,Medium,342,331,230,903,BBB,High,1283699,04/19/2022,TMUS04/19/2022,662183b3f6fcf517c9213484,131.73777770996094,132.83999633789062,133.22000122070312,129.44000244140625,129.64999389648438,3707000.0
UAL,United Airlines Holdings Inc,USD,NASDAQ NMS - GLOBAL MARKET,Airlines,https://static.finnhub.io/logo/b3f34b67dcba1725d92ac006206475d24142031e7f30415f77010a101e9fae1b.png,https://ir.united.com/,B,Medium,B,Medium,B,Medium,205,203,221,629,B,Medium,100517,04/19/2022,UAL04/19/2022,662183b3f6fcf517c9214fec,45.95000076293945,45.95000076293945,46.13999938964844,44.47999954223633,44.52000045776367,13667400.0
VRSK,Verisk Analytics Inc,USD,NASDAQ NMS - GLOBAL MARKET,Professional Services,https://static.finnhub.io/logo/fe905336-80fe-11ea-adc8-00000000092a.png,https://www.verisk.com,AA,Excellent,BB,Medium,BB,Medium,615,366,300,1281,A,High,1442145,04/19/2022,VRSK04/19/2022,662183b3f6fcf517c92158bf,215.3300018310547,215.3300018310547,215.77999877929688,211.19000244140625,211.2100067138672,1040900.0
ULTA,Ulta Beauty Inc,USD,NASDAQ NMS - GLOBAL MARKET,Retail,https://static.finnhub.io/logo/d10866ba-80e0-11ea-9adf-00000000092a.png,https://www.ulta.com/,B,Medium,B,Medium,B,Medium,205,242,200,647,B,Medium,1403568,04/19/2022,ULTA04/19/2022,662183b3f6fcf517c9214df3,428.3699951171875,428.3699951171875,431.05999755859375,414.2000122070313,415.2000122070313,906800.0
VRTX,Vertex Pharmaceuticals Inc,USD,NASDAQ NMS - GLOBAL MARKET,Biotechnology,https://static.finnhub.io/logo/feec7ad8-80e0-11ea-ac96-00000000092a.png,https://www.vrtx.com/,A,High,BB,Medium,BB,Medium,500,300,300,1100,BBB,High,875320,04/19/2022,VRTX04/19/2022,662183b3f6fcf517c9215ab5,282.5199890136719,282.5199890136719,284.3099975585937,279.5899963378906,282.989990234375,1354100.0
VRSN,Verisign Inc,USD,NASDAQ NMS - GLOBAL MARKET,Technology,https://static.finnhub.io/logo/9adf6b51871316924a9578bea95b2d64a4227d34ba3b664d3826fdba28ff23ae.png,https://www.verisign.com/,A,High,BB,Medium,BB,Medium,548,354,325,1227,A,High,1014473,04/19/2022,VRSN04/19/2022,662183b3f6fcf517c92157c3,218.27999877929688,218.27999877929688,218.6100006103516,212.16000366210932,212.72000122070312,356900.0
WBA,Walgreens Boots Alliance Inc,USD,NASDAQ NMS - GLOBAL MARKET,Retail,https://static.finnhub.io/logo/9cc9acf0-80ec-11ea-a362-00000000092a.png,https://www.walgreensbootsalliance.com/,A,High,BB,Medium,BB,Medium,515,325,300,1140,BBB,High,1618921,04/19/2022,WBA04/19/2022,662183b3f6fcf517c921618f,40.60813903808594,45.59999847412109,45.65999984741211,44.65999984741211,44.68999862670898,5328200.0
XEL,Xcel Energy Inc,USD,NASDAQ NMS - GLOBAL MARKET,Utilities,https://static.finnhub.io/logo/ad4fb250-80ec-11ea-950a-00000000092a.png,https://www.xcelenergy.com/,B,Medium,B,Medium,B,Medium,223,201,205,629,B,Medium,72903,04/20/2022,XEL04/20/2022,662183b3f6fcf517c921723c,70.61776733398438,75.3499984741211,75.77999877929688,75.11000061035156,75.41999816894531,3317700.0
NTAP,NetApp Inc,USD,NASDAQ NMS - GLOBAL MARKET,Technology,https://static.finnhub.io/logo/8aa1beee-80e0-11ea-85fc-00000000092a.png,https://www.netapp.com/,A,High,BB,Medium,BB,Medium,545,359,325,1229,A,High,1002047,04/18/2022,NTAP04/18/2022,662183b2f6fcf517c920d26b,76.1500015258789,76.1500015258789,76.5,75.44999694824219,75.5,1229000.0
ZBRA,Zebra Technologies Corp,USD,NASDAQ NMS - GLOBAL MARKET,Electrical Equipment,https://static.finnhub.io/logo/19363bc2-80e1-11ea-be98-00000000092a.png,https://www.zebra.com/,BB,Medium,BB,Medium,BB,Medium,320,317,300,937,BBB,High,877212,04/20/2022,ZBRA04/20/2022,662183b3f6fcf517c921752f,398.4200134277344,398.4200134277344,409.8999938964844,397.5,409.0700073242188,358400.0
WYNN,Wynn Resorts Ltd,USD,NASDAQ NMS - GLOBAL MARKET,Hotels Restaurants and Leisure,https://static.finnhub.io/logo/acba626ebfc3757928c79f34ba0291de64d34a185fce74db448210806384f2dd.png,https://www.wynnresorts.com/,B,Medium,B,Medium,B,Medium,225,201,200,626,B,Medium,1174922,04/20/2022,WYNN04/20/2022,662183b3f6fcf517c9217143,76.96199035644531,77.75,79.27999877929688,77.55999755859375,77.80999755859375,1964100.0
APTV,Aptiv PLC,USD,"NEW YORK STOCK EXCHANGE, INC.",Auto Components,https://static.finnhub.io/logo/56ba8998-80cb-11ea-ade4-00000000092a.png,https://www.aptiv.com,A,High,BB,Medium,BB,Medium,555,339,310,1204,A,High,1521332,10/06/2022,APTV10/06/2022,662183b1f6fcf517c91fb39b,88.37000274658203,88.37000274658203,88.69999694824219,86.37999725341797,86.69000244140625,1710300.0
BA,Boeing Co,USD,"NEW YORK STOCK EXCHANGE, INC.",Aerospace and Defense,https://static.finnhub.io/logo/7f18239e-80eb-11ea-b544-00000000092a.png,https://www.boeing.com/,B,Medium,B,Medium,B,Medium,220,224,235,679,B,Medium,12927,09/21/2022,BA09/21/2022,662183b1f6fcf517c91fcf04,143.2899932861328,143.2899932861328,149.8699951171875,143.2100067138672,146.77000427246094,6244300.0
CAT,Caterpillar Inc,USD,"NEW YORK STOCK EXCHANGE, INC.",Machinery,https://static2.finnhub.io/file/publicdatany/finnhubimage/stock_logo/4295903678.jpeg,https://www.caterpillar.com/en.html,B,Medium,B,Medium,B,Medium,235,239,235,709,B,Medium,18230,07/06/2022,CAT07/06/2022,662183b1f6fcf517c91fe460,165.80262756347656,172.30999755859375,174.6699981689453,169.2899932861328,173.47999572753906,3190600.0
CCI,Crown Castle Inc,USD,"NEW YORK STOCK EXCHANGE, INC.",Real Estate,https://static.finnhub.io/logo/9955c1da-80eb-11ea-9b73-00000000092a.png,https://www.crowncastle.com/,A,High,BB,Medium,B,Medium,500,300,200,1000,BBB,High,1051470,09/16/2022,CCI09/16/2022,662183b1f6fcf517c9200fb9,150.58889770507812,163.22000122070312,163.74000549316406,161.08999633789062,162.6699981689453,2378500.0
CARR,Carrier Global Corp,USD,"NEW YORK STOCK EXCHANGE, INC.",Building,https://static.finnhub.io/logo/603e44f9a46419a67a8a0e59358d8fa90f116ba0bd9735830f2b11886a71fd52.png,https://www.carrier.com/,B,Medium,B,Medium,B,Medium,210,258,226,694,B,Medium,1783180,04/21/2022,CARR04/21/2022,662183b1f6fcf517c91fe237,42.81999969482422,42.81999969482422,44.68000030517578,42.56999969482422,43.869998931884766,3841000.0
CBRE,CBRE Group Inc,USD,"NEW YORK STOCK EXCHANGE, INC.",Real Estate,https://static.finnhub.io/logo/96608490-80eb-11ea-a287-00000000092a.png,https://www.cbre.us,B,Medium,B,Medium,B,Medium,200,209,200,609,B,Medium,1138118,10/06/2022,CBRE10/06/2022,662183b1f6fcf517c91fe694,71.66999816894531,71.66999816894531,73.33000183105469,71.37000274658203,72.94999694824219,2015400.0
CE,Celanese Corp,USD,"NEW YORK STOCK EXCHANGE, INC.",Chemicals,https://static.finnhub.io/logo/9a354dde-80eb-11ea-9454-00000000092a.png,https://www.celanese.com/,A,High,BB,Medium,BB,Medium,500,319,300,1119,BBB,High,1306830,10/06/2022,CE10/06/2022,662183b1f6fcf517c91fe88d,89.29521942138672,92.58000183105467,94.9499969482422,92.23999786376952,93.43000030517578,1063000.0
DGX,Quest Diagnostics Inc,USD,"NEW YORK STOCK EXCHANGE, INC.",Health Care,https://static.finnhub.io/logo/bcfcc2be-80eb-11ea-b2d4-00000000092a.png,https://www.questdiagnostics.com/,B,Medium,BB,Medium,B,Medium,230,300,205,735,B,Medium,1022079,04/19/2022,DGX04/19/2022,662183b3f6fcf517c9210b4a,130.34552001953125,135.8800048828125,136.9600067138672,133.22999572753906,133.75,1056100.0
WDC,Western Digital Corp,USD,NASDAQ NMS - GLOBAL MARKET,Technology,https://static.finnhub.io/logo/614eaedc2d32b02535d899770c447ff80b1fef23bd17a0f30cec4ea863891044.png,https://www.westerndigital.com/,A,High,BB,Medium,B,Medium,545,339,260,1144,BBB,High,106040,04/20/2022,WDC04/20/2022,662183b3f6fcf517c9216b61,49.5,49.5,50.65999984741211,49.400001525878906,49.43999862670898,3531500.0
JNJ,Johnson & Johnson,USD,"NEW YORK STOCK EXCHANGE, INC.",Pharmaceuticals,https://static.finnhub.io/logo/0a900736-80ec-11ea-8224-00000000092a.png,https://www.jnj.com/,A,High,BB,Medium,BB,Medium,565,308,300,1173,BBB,High,200406,04/18/2022,JNJ04/18/2022,662183b2f6fcf517c92091b5,177.66000366210938,177.66000366210938,180.38999938964844,176.74000549316406,179.72999572753906,6318700.0
JPM,JPMorgan Chase & Co,USD,"NEW YORK STOCK EXCHANGE, INC.",Banking,https://static.finnhub.io/logo/0bf9570a-80ec-11ea-9e21-00000000092a.png,https://www.jpmorganchase.com/,A,High,BB,Medium,BB,Medium,505,319,338,1162,BBB,High,19617,04/18/2022,JPM04/18/2022,662183b2f6fcf517c92093ab,121.09403228759766,128.4600067138672,129.24000549316406,125.54000091552734,125.66999816894533,11834400.0
MCD,McDonald's Corp,USD,"NEW YORK STOCK EXCHANGE, INC.",Hotels Restaurants and Leisure,https://static.finnhub.io/logo/1fc48922e8f6853d63649be8c022bc451941771d13aefd69960f6bd1c6e726ed.png,https://www.mcdonalds.com/us/en-us.html,A,High,BB,Medium,BB,Medium,505,326,305,1136,BBB,High,63908,04/18/2022,MCD04/18/2022,662183b2f6fcf517c920b9e8,251.0599975585937,251.0599975585937,252.4900054931641,249.1300048828125,249.6300048828125,1426600.0
LIN,Linde PLC,USD,"NEW YORK STOCK EXCHANGE, INC.",Chemicals,https://static.finnhub.io/logo/b8fe2cdc-81d4-11ea-bd4e-00000000092a.png,https://www.linde.com/,B,Medium,B,Medium,B,Medium,210,240,275,725,B,Medium,1707925,04/20/2022,LIN04/20/2022,662183b2f6fcf517c920a749,326.3699951171875,326.3699951171875,327.8699951171875,319.9200134277344,319.9200134277344,1957100.0
LYB,LyondellBasell Industries NV,USD,"NEW YORK STOCK EXCHANGE, INC.",Chemicals,https://static.finnhub.io/logo/d3871fc8-80c9-11ea-8168-00000000092a.png,https://www.lyondellbasell.com/,A,High,BB,Medium,BB,Medium,587,352,330,1269,A,High,1489393,04/18/2022,LYB04/18/2022,662183b2f6fcf517c920ae24,108.9499969482422,108.9499969482422,109.02999877929688,107.33999633789062,107.56999969482422,1643700.0
MCO,Moody's Corp,USD,"NEW YORK STOCK EXCHANGE, INC.",Financial Services,https://static.finnhub.io/logo/21b77074-80ec-11ea-a2fe-00000000092a.png,https://www.moodys.com/,A,High,BB,Medium,B,Medium,515,308,235,1058,BBB,High,1059556,04/18/2022,MCO04/18/2022,662183b2f6fcf517c920cc89,322.086181640625,328.2300109863281,330.5899963378906,326.3599853515625,327.510009765625,643900.0
LDOS,Leidos Holdings Inc,USD,"NEW YORK STOCK EXCHANGE, INC.",Professional Services,https://static.finnhub.io/logo/6a70aab0-80ec-11ea-b140-00000000092a.png,https://www.leidos.com/,A,High,BB,Medium,BB,Medium,500,300,300,1100,BBB,High,1336920,04/18/2022,LDOS04/18/2022,662183b2f6fcf517c920a551,109.26000213623048,109.26000213623048,110.31999969482422,108.43000030517578,108.77999877929688,653800.0
MCK,Mckesson Corp,USD,"NEW YORK STOCK EXCHANGE, INC.",Health Care,https://static.finnhub.io/logo/20acef66-80ec-11ea-9004-00000000092a.png,https://www.mckesson.com/,A,High,BB,Medium,BB,Medium,500,303,310,1113,BBB,High,927653,04/18/2022,MCK04/18/2022,662183b2f6fcf517c920bae3,322.9971008300781,326.6499938964844,328.8099975585937,322.7900085449219,323.25,882900.0
MAS,Masco Corp,USD,"NEW YORK STOCK EXCHANGE, INC.",Building,https://static.finnhub.io/logo/f733abfaa82424a088ae7010ead7d371b7f6579b20393e2cf842ecda43a4e1e6.png,https://masco.com/,A,High,BB,Medium,BB,Medium,522,323,305,1150,BBB,High,62996,04/18/2022,MAS04/18/2022,662183b2f6fcf517c920b5fc,49.16999816894531,49.16999816894531,49.900001525878906,48.77999877929688,49.2599983215332,1261400.0
LOW,Lowe's Companies Inc,USD,"NEW YORK STOCK EXCHANGE, INC.",Retail,https://static.finnhub.io/logo/1a543662-80ec-11ea-962e-00000000092a.png,http://media.lowes.com/,B,Medium,B,Medium,B,Medium,218,200,200,618,B,Medium,60667,04/18/2022,LOW04/18/2022,662183b2f6fcf517c920ac2e,190.57684326171875,198.5200042724609,202.0,197.3300018310547,200.6199951171875,3800400.0
MDT,Medtronic PLC,USD,"NEW YORK STOCK EXCHANGE, INC.",Health Care,https://static.finnhub.io/logo/23418fdc-80ec-11ea-b2ad-00000000092a.png,https://www.medtronic.com/,A,High,BB,Medium,BB,Medium,515,308,315,1138,BBB,High,1613103,04/18/2022,MDT04/18/2022,662183b2f6fcf517c920bbde,101.18260955810548,108.08000183105467,109.25,107.54000091552734,108.52999877929688,3418000.0
MKC,McCormick & Company Inc,USD,"NEW YORK STOCK EXCHANGE, INC.",Food Products,https://static.finnhub.io/logo/283299b6-80ec-11ea-a748-00000000092a.png,https://www.mccormick.com/,A,High,BB,Medium,BB,Medium,500,300,300,1100,BBB,High,63754,04/18/2022,MKC04/18/2022,662183b2f6fcf517c920b8ed,96.21172332763672,100.25,102.0,99.9499969482422,101.58000183105467,715100.0
MET,MetLife Inc,USD,"NEW YORK STOCK EXCHANGE, INC.",Insurance,https://static.finnhub.io/logo/23fa7ee8-80ec-11ea-b9be-00000000092a.png,https://www.metlife.com/,A,High,BB,Medium,BB,Medium,517,305,305,1127,BBB,High,1099219,04/18/2022,MET04/18/2022,662183b2f6fcf517c920becf,66.8333969116211,71.2300033569336,71.63999938964844,70.1500015258789,70.33000183105469,3041100.0
MMC,Marsh & McLennan Companies Inc,USD,"NEW YORK STOCK EXCHANGE, INC.",Insurance,https://static.finnhub.io/logo/0dcbb2b38c092b479f704d3951261861da99b7990ad086d13815d96c4a79c5ea.png,https://www.marshmclennan.com/,A,High,BB,Medium,BB,Medium,500,300,300,1100,BBB,High,62709,04/18/2022,MMC04/18/2022,662183b2f6fcf517c920b406,170.4499969482422,170.4499969482422,170.88999938964844,169.30999755859375,169.4199981689453,1743000.0
MRK,Merck & Co Inc,USD,"NEW YORK STOCK EXCHANGE, INC.",Pharmaceuticals,https://static.finnhub.io/logo/2eedcaa6-80ec-11ea-853f-00000000092a.png,https://www.merck.com/,A,High,BB,Medium,BB,Medium,500,305,315,1120,BBB,High,310158,04/18/2022,MRK04/18/2022,662183b2f6fcf517c920bcd9,81.32533264160156,86.06999969482422,87.44999694824219,85.68000030517578,86.41999816894531,7995100.0
MRO,Marathon Oil Corp,USD,"NEW YORK STOCK EXCHANGE, INC.",Energy,https://static.finnhub.io/logo/2f57969a-80ec-11ea-a60d-00000000092a.png,https://www.marathonoil.com/,A,High,BB,Medium,BB,Medium,530,313,305,1148,BBB,High,101778,04/21/2022,MRO04/21/2022,662183b2f6fcf517c920b01e,25.31769371032715,26.09000015258789,27.96999931335449,26.0,27.75,20775600.0
MPC,Marathon Petroleum Corp,USD,"NEW YORK STOCK EXCHANGE, INC.",Energy,https://static.finnhub.io/logo/3fcc7474-80cb-11ea-83e4-00000000092a.png,https://www.marathonpetroleum.com/,AA,Excellent,BB,Medium,BB,Medium,700,366,315,1381,A,High,1510295,04/18/2022,MPC04/18/2022,662183b2f6fcf517c920b112,86.02335357666016,90.11000061035156,90.61000061035156,88.02999877929688,88.44000244140625,5281300.0
MS,Morgan Stanley,USD,"NEW YORK STOCK EXCHANGE, INC.",Financial Services,https://static.finnhub.io/logo/2fa6e0cc-80ec-11ea-9393-00000000092a.png,https://www.morganstanley.com/,A,High,BB,Medium,BB,Medium,555,303,320,1178,BBB,High,895421,04/18/2022,MS04/18/2022,662183b2f6fcf517c920cd93,80.19927978515625,86.4800033569336,87.18000030517578,84.31999969482422,84.38999938964844,7897500.0
MTB,M&T Bank Corp,USD,"NEW YORK STOCK EXCHANGE, INC.",Banking,https://static.finnhub.io/logo/30d4609c-80ec-11ea-8ba5-00000000092a.png,https://www.mtb.com/,A,High,BB,Medium,B,Medium,500,303,260,1063,BBB,High,36270,04/18/2022,MTB04/18/2022,662183b2f6fcf517c920af1f,159.16000366210938,159.16000366210938,160.4499969482422,158.3699951171875,158.75,954000.0
MTD,Mettler-Toledo International Inc,USD,"NEW YORK STOCK EXCHANGE, INC.",Life Sciences Tools and Services,https://static2.finnhub.io/file/publicdatany/finnhubimage/stock_logo/MTD.svg,https://www.mt.com/,A,High,BB,Medium,B,Medium,505,300,240,1045,BBB,High,1037646,04/18/2022,MTD04/18/2022,662183b2f6fcf517c920bfc9,1304.5799560546875,1304.5799560546875,1315.4300537109375,1291.8599853515625,1309.4200439453125,72400.0
MSI,Motorola Solutions Inc,USD,"NEW YORK STOCK EXCHANGE, INC.",Communications,https://static.finnhub.io/logo/2d51c630-80ec-11ea-be27-00000000092a.png,https://www.motorolasolutions.com,A,High,BB,Medium,BB,Medium,505,305,347,1157,BBB,High,68505,04/18/2022,MSI04/18/2022,662183b2f6fcf517c920cf7a,229.97000122070312,229.97000122070312,233.94000244140625,228.8999938964844,231.52999877929688,460600.0
NEE,Nextera Energy Inc,USD,"NEW YORK STOCK EXCHANGE, INC.",Utilities,https://static.finnhub.io/logo/e1c67092-80eb-11ea-b610-00000000092a.png,https://www.nexteraenergy.com/,AA,Excellent,BB,Medium,BB,Medium,668,306,313,1287,A,High,753308,04/18/2022,NEE04/18/2022,662183b2f6fcf517c920d751,81.70999908447266,81.70999908447266,83.61000061035156,81.05999755859375,83.0,6279100.0
MSCI,MSCI Inc,USD,"NEW YORK STOCK EXCHANGE, INC.",Financial Services,https://static.finnhub.io/logo/353f2fa2-80ec-11ea-84d6-00000000092a.png,https://www.msci.com/,A,High,BB,Medium,BB,Medium,580,347,335,1262,A,High,1408198,04/18/2022,MSCI04/18/2022,662183b2f6fcf517c920d075,467.9583129882813,478.010009765625,484.2099914550781,475.0,481.4100036621094,299600.0
NCLH,Norwegian Cruise Line Holdings Ltd,USD,"NEW YORK STOCK EXCHANGE, INC.",Hotels Restaurants and Leisure,https://static.finnhub.io/logo/11f658d4f694f9c02c757031862ef93a50badc3344e7193e69183a3b1eb46ff0.png,https://www.nclhltd.com/,BBB,High,BB,Medium,BB,Medium,495,306,300,1101,BBB,High,1513761,04/18/2022,NCLH04/18/2022,662183b2f6fcf517c920de2f,21.209999084472656,21.209999084472656,21.690000534057617,21.049999237060547,21.39999961853028,10501800.0
NI,NiSource Inc,USD,"NEW YORK STOCK EXCHANGE, INC.",Utilities,https://static.finnhub.io/logo/3b042364-80ec-11ea-a3c4-00000000092a.png,https://www.nisource.com/,BB,Medium,BB,Medium,B,Medium,361,322,223,906,BBB,High,1111711,04/18/2022,NI04/18/2022,662183b2f6fcf517c920d948,29.52509498596192,31.739999771118164,32.040000915527344,31.549999237060547,31.84000015258789,4006100.0
NOC,Northrop Grumman Corp,USD,"NEW YORK STOCK EXCHANGE, INC.",Aerospace and Defense,https://static.finnhub.io/logo/3e3d9eda-80ec-11ea-810a-00000000092a.png,https://www.northropgrumman.com/,A,High,BB,Medium,BB,Medium,505,302,300,1107,BBB,High,1133421,04/18/2022,NOC04/18/2022,662183b2f6fcf517c920dd34,451.4123229980469,465.5799865722656,473.3699951171875,462.0799865722656,467.2000122070313,569300.0
NOW,ServiceNow Inc,USD,"NEW YORK STOCK EXCHANGE, INC.",Technology,https://static.finnhub.io/logo/8023521c-80cc-11ea-9907-00000000092a.png,https://www.servicenow.com/,A,High,BB,Medium,BB,Medium,550,374,350,1274,A,High,1373715,04/19/2022,NOW04/19/2022,662183b3f6fcf517c92121d4,514.4000244140625,514.4000244140625,520.719970703125,492.0700073242188,498.7799987792969,1509500.0
NUE,Nucor Corp,USD,"NEW YORK STOCK EXCHANGE, INC.",Metals and Mining,https://static.finnhub.io/logo/61f6fa71dcc06483a3992eb1285beddd4a1d668f622c8a324412e5fc6828d664.png,https://nucor.com/,BB,Medium,BB,Medium,B,Medium,374,340,225,939,BBB,High,73309,04/18/2022,NUE04/18/2022,662183b2f6fcf517c920e022,165.49073791503906,170.3300018310547,172.07000732421875,165.6699981689453,165.8000030517578,2680000.0
NSC,Norfolk Southern Corp,USD,"NEW YORK STOCK EXCHANGE, INC.",Road and Rail,https://static.finnhub.io/logo/40989d8c-80ec-11ea-9189-00000000092a.png,http://www.nscorp.com/,BB,Medium,BB,Medium,BB,Medium,358,339,330,1027,BBB,High,702165,04/18/2022,NSC04/18/2022,662183b2f6fcf517c920db3d,250.69786071777344,262.510009765625,265.19000244140625,260.57000732421875,261.989990234375,1759100.0
NVR,NVR Inc,USD,"NEW YORK STOCK EXCHANGE, INC.",Consumer products,https://static.finnhub.io/logo/432bfe4c-80ec-11ea-8f50-00000000092a.png,https://www.nvrinc.com/,B,Medium,B,Medium,B,Medium,265,206,205,676,B,Medium,906163,04/18/2022,NVR04/18/2022,662183b2f6fcf517c920e21b,4320.6201171875,4320.6201171875,4374.9599609375,4293.580078125,4308.97998046875,13800.0
PGR,Progressive Corp,USD,"NEW YORK STOCK EXCHANGE, INC.",Insurance,https://static.finnhub.io/logo/5339a36c-80ec-11ea-bfff-00000000092a.png,https://www.progressive.com/,BB,Medium,BB,Medium,B,Medium,350,355,270,975,BBB,High,80661,04/19/2022,PGR04/19/2022,662183b3f6fcf517c921017b,111.1500015258789,111.1500015258789,111.4499969482422,108.88999938964844,109.55999755859376,2639100.0
PFE,Pfizer Inc,USD,"NEW YORK STOCK EXCHANGE, INC.",Pharmaceuticals,https://static.finnhub.io/logo/5163194a-80ec-11ea-8a20-00000000092a.png,https://www.pfizer.com/,A,High,BB,Medium,BB,Medium,500,300,300,1100,BBB,High,78003,04/18/2022,PFE04/18/2022,662183b3f6fcf517c920f5b7,47.677852630615234,51.84000015258789,53.11000061035156,51.630001068115234,52.83000183105469,17065000.0
PHM,Pultegroup Inc,USD,"NEW YORK STOCK EXCHANGE, INC.",Consumer products,https://static.finnhub.io/logo/538406a4-80ec-11ea-afbb-00000000092a.png,https://www.pultegroupinc.com/,B,Medium,B,Medium,B,Medium,215,203,240,658,B,Medium,822416,04/19/2022,PHM04/19/2022,662183b3f6fcf517c921075e,43.68999862670898,43.68999862670898,43.90999984741211,42.119998931884766,42.36000061035156,2310700.0
PH,Parker-Hannifin Corp,USD,"NEW YORK STOCK EXCHANGE, INC.",Machinery,https://static.finnhub.io/logo/52fb881e-80ec-11ea-9c1b-00000000092a.png,https://www.parker.com/portal/site/PARKER/menuitem.b90576e27a4d71ae1bfcc510237ad1ca/?vgnextoid=c38888b5bd16e010VgnVCM1000000308a8c0RCRD&vgnextfmt=EN,BB,Medium,BB,Medium,B,Medium,325,303,225,853,BB,Medium,76334,04/18/2022,PH04/18/2022,662183b3f6fcf517c920efd2,262.5856018066406,271.32000732421875,275.20001220703125,269.5299987792969,272.67999267578125,468700.0
PLD,Prologis Inc,USD,"NEW YORK STOCK EXCHANGE, INC.",Real Estate,https://static.finnhub.io/logo/6ff93222-80eb-11ea-8e84-00000000092a.png,https://www.prologis.com/,A,High,BB,Medium,BB,Medium,579,374,315,1268,A,High,1045609,04/19/2022,PLD04/19/2022,662183b3f6fcf517c9210277,160.42864990234375,169.55999755859375,170.1999969482422,165.25,166.14999389648438,3839500.0
PPG,PPG Industries Inc,USD,"NEW YORK STOCK EXCHANGE, INC.",Chemicals,https://static.finnhub.io/logo/5a8e2c2e-80ec-11ea-9a08-00000000092a.png,https://www.ppg.com/,B,Medium,B,Medium,B,Medium,293,236,220,749,B,Medium,79879,04/18/2022,PPG04/18/2022,662183b3f6fcf517c920fd8f,126.48999786376952,126.48999786376952,128.42999267578125,126.18000030517578,127.47000122070312,1066900.0
PSA,Public Storage,USD,"NEW YORK STOCK EXCHANGE, INC.",Real Estate,https://static.finnhub.io/logo/5bb9e9a4-80ec-11ea-b327-00000000092a.png,https://www.publicstorage.com/,B,Medium,B,Medium,B,Medium,235,245,205,685,B,Medium,1393311,04/19/2022,PSA04/19/2022,662183b3f6fcf517c9210663,413.1700134277344,413.1700134277344,416.30999755859375,411.0199890136719,411.989990234375,520100.0
PNC,PNC Financial Services Group Inc,USD,"NEW YORK STOCK EXCHANGE, INC.",Banking,https://static.finnhub.io/logo/595585fe-80ec-11ea-9ee3-00000000092a.png,https://www.pnc.com/,BBB,High,BB,Medium,BB,Medium,455,323,300,1078,BBB,High,713676,04/18/2022,PNC04/18/2022,662183b3f6fcf517c920fb99,175.75,175.75,177.30999755859375,173.9499969482422,173.9499969482422,2962400.0
PM,Philip Morris International Inc,USD,"NEW YORK STOCK EXCHANGE, INC.",Tobacco,https://static.finnhub.io/logo/58416e9a-80ec-11ea-a68c-00000000092a.png,https://www.pmi.com/,A,High,BB,Medium,BB,Medium,520,327,315,1162,BBB,High,1413329,04/18/2022,PM04/18/2022,662183b3f6fcf517c920f7ad,90.7564697265625,101.0500030517578,102.25,100.87999725341795,101.48999786376952,7424800.0
PKG,Packaging Corp of America,USD,"NEW YORK STOCK EXCHANGE, INC.",Packaging,https://static.finnhub.io/logo/55c64d68-80ec-11ea-881b-00000000092a.png,https://www.packagingcorp.com/,A,High,BB,Medium,BB,Medium,500,303,300,1103,BBB,High,75677,04/18/2022,PKG04/18/2022,662183b3f6fcf517c920ece4,149.76974487304688,160.7899932861328,164.32000732421875,160.0500030517578,162.80999755859375,670900.0
PSX,Phillips 66,USD,"NEW YORK STOCK EXCHANGE, INC.",Energy,https://static.finnhub.io/logo/861c8692-80cc-11ea-8e76-00000000092a.png,https://www.phillips66.com/,A,High,BB,Medium,BB,Medium,569,363,310,1242,A,High,1534701,04/18/2022,PSX04/18/2022,662183b3f6fcf517c920f8a8,80.73450469970703,87.16000366210938,87.18000030517578,82.61000061035156,83.68000030517578,3679600.0
PRU,Prudential Financial Inc,USD,"NEW YORK STOCK EXCHANGE, INC.",Insurance,https://static.finnhub.io/logo/5be82d74-80ec-11ea-8776-00000000092a.png,https://www.prudential.com/,B,Medium,BB,Medium,B,Medium,285,300,288,873,BB,Medium,1137774,04/19/2022,PRU04/19/2022,662183b3f6fcf517c9210372,119.41999816894533,119.41999816894533,119.8000030517578,118.1999969482422,119.1500015258789,1495700.0
PNR,Pentair PLC,USD,"NEW YORK STOCK EXCHANGE, INC.",Machinery,https://static.finnhub.io/logo/7c350a5284b5364e4cbc3ebcdd8e5340212483e8b43f627494bb2fe66925d7be.png,https://www.pentair.com/,BBB,High,BB,Medium,BB,Medium,433,330,315,1078,BBB,High,77360,04/18/2022,PNR04/18/2022,662183b3f6fcf517c920f3c1,51.72999954223633,51.72999954223633,52.45000076293945,51.02999877929688,52.06999969482422,1138500.0
PNW,Pinnacle West Capital Corp,USD,"NEW YORK STOCK EXCHANGE, INC.",Utilities,https://static.finnhub.io/logo/58db7dc2-80ec-11ea-a1d4-00000000092a.png,https://www.pinnaclewest.com/,AA,Excellent,BBB,High,BB,Medium,629,479,300,1408,A,High,764622,04/18/2022,PNW04/18/2022,662183b3f6fcf517c920f9a3,70.26436614990234,77.13999938964844,78.20999908447266,76.73999786376953,77.7699966430664,387600.0
PPL,PPL Corp,USD,"NEW YORK STOCK EXCHANGE, INC.",Utilities,https://static.finnhub.io/logo/5ad1b27e-80ec-11ea-91fc-00000000092a.png,https://www.pplweb.com/,A,High,BB,Medium,BB,Medium,525,306,300,1131,BBB,High,922224,04/18/2022,PPL04/18/2022,662183b3f6fcf517c920fe8a,27.22381401062012,29.21999931335449,29.459999084472656,29.11000061035156,29.25,6544100.0
PWR,Quanta Services Inc,USD,"NEW YORK STOCK EXCHANGE, INC.",Construction,https://static.finnhub.io/logo/5cd40824-80ec-11ea-8cdc-00000000092a.png,https://www.quantaservices.com/,A,High,BB,Medium,BB,Medium,540,382,310,1232,A,High,1050915,04/19/2022,PWR04/19/2022,662183b3f6fcf517c9210954,138.38519287109375,138.91000366210938,139.22000122070312,135.85000610351562,136.52000427246094,1044700.0
RJF,Raymond James Financial Inc,USD,"NEW YORK STOCK EXCHANGE, INC.",Financial Services,https://static.finnhub.io/logo/61f3d4a2-80ec-11ea-bc21-00000000092a.png,https://www.raymondjames.com/,A,High,BB,Medium,BB,Medium,505,309,305,1119,BBB,High,720005,04/19/2022,RJF04/19/2022,662183b3f6fcf517c9210d40,113.0500030517578,113.0500030517578,113.41000366210938,111.1500015258789,111.1500015258789,1006400.0
RCL,Royal Caribbean Cruises Ltd,USD,"NEW YORK STOCK EXCHANGE, INC.",Hotels Restaurants and Leisure,https://static.finnhub.io/logo/fa7e26aaa52b5bf30455b809ea0e58a231ef2155d3060c9c25907fe65ac56333.png,https://www.royalcaribbeangroup.com/,A,High,BB,Medium,BB,Medium,503,327,310,1140,BBB,High,884887,04/19/2022,RCL04/19/2022,662183b3f6fcf517c9211afa,84.4800033569336,84.4800033569336,84.9000015258789,82.02999877929688,82.02999877929688,2438000.0
RL,Ralph Lauren Corp,USD,"NEW YORK STOCK EXCHANGE, INC.",Textiles Apparel and Luxury Goods,https://static.finnhub.io/logo/627d9592-80ec-11ea-8d78-00000000092a.png,https://investor.ralphlauren.com/,BBB,High,BB,Medium,BB,Medium,420,352,303,1075,BBB,High,1037038,04/19/2022,RL04/19/2022,662183b3f6fcf517c9210c45,107.04466247558594,112.80999755859376,113.33999633789062,109.37999725341795,109.37999725341795,718300.0
RHI,Robert Half International Inc,USD,"NEW YORK STOCK EXCHANGE, INC.",Professional Services,https://static.finnhub.io/logo/611b69c8-80ec-11ea-97f0-00000000092a.png,https://www.roberthalf.com/,B,Medium,BB,Medium,BB,Medium,255,334,310,899,BB,Medium,315213,04/19/2022,RHI04/19/2022,662183b3f6fcf517c9211613,107.80907440185548,113.0999984741211,113.5199966430664,109.4499969482422,109.4499969482422,726800.0
PXD,Pioneer Natural Resources Co,USD,"NEW YORK STOCK EXCHANGE, INC.",Energy,https://static.finnhub.io/logo/5d0d741c-80ec-11ea-a494-00000000092a.png,https://www.pxd.com/,AA,Excellent,BBB,High,BB,Medium,700,412,300,1412,A,High,1038357,04/18/2022,PXD04/18/2022,662183b3f6fcf517c920fa9e,218.5049743652344,256.6700134277344,258.79998779296875,252.6100006103516,256.1300048828125,1522200.0
ROL,Rollins Inc,USD,"NEW YORK STOCK EXCHANGE, INC.",Commercial Services and Supplies,https://static.finnhub.io/logo/65f77576-80ec-11ea-b637-00000000092a.png,https://www.rollins.com/,A,High,BB,Medium,BB,Medium,500,300,305,1105,BBB,High,84839,04/19/2022,ROL04/19/2022,662183b3f6fcf517c9211809,34.59000015258789,34.59000015258789,34.779998779296875,34.290000915527344,34.34000015258789,1111800.0
RMD,Resmed Inc,USD,"NEW YORK STOCK EXCHANGE, INC.",Health Care,https://static.finnhub.io/logo/6392da88-80ec-11ea-998e-00000000092a.png,https://www.resmed.com/,BB,Medium,BB,Medium,BB,Medium,330,312,300,942,BBB,High,943819,04/19/2022,RMD04/19/2022,662183b3f6fcf517c921141d,235.0806579589844,239.4199981689453,240.4900054931641,232.97000122070312,232.97000122070312,517400.0
ROK,Rockwell Automation Inc,USD,"NEW YORK STOCK EXCHANGE, INC.",Electrical Equipment,https://static.finnhub.io/logo/65a84b78-80ec-11ea-a534-00000000092a.png,https://www.rockwellautomation.com/,BB,Medium,B,Medium,B,Medium,308,243,210,761,BB,Medium,1024478,04/19/2022,ROK04/19/2022,662183b3f6fcf517c921170e,270.9100036621094,270.9100036621094,271.2300109863281,261.67999267578125,262.3999938964844,529300.0
TDG,TransDigm Group Inc,USD,"NEW YORK STOCK EXCHANGE, INC.",Aerospace and Defense,https://static.finnhub.io/logo/80ac1b50-80ec-11ea-a061-00000000092a.png,https://www.transdigm.com/,A,High,BB,Medium,BB,Medium,500,300,300,1100,BBB,High,1260221,04/19/2022,TDG04/19/2022,662183b3f6fcf517c9214523,643.739990234375,643.739990234375,647.1500244140625,633.1900024414062,633.1900024414062,160200.0
ROP,Roper Technologies Inc,USD,"NEW YORK STOCK EXCHANGE, INC.",Technology,https://static.finnhub.io/logo/6649ef38-80ec-11ea-a694-00000000092a.png,https://www.ropertech.com/,A,High,BB,Medium,BB,Medium,570,350,340,1260,A,High,882835,04/19/2022,ROP04/19/2022,662183b3f6fcf517c9211901,462.75,462.75,463.8500061035156,456.6499938964844,457.8200073242188,371000.0
SWK,Stanley Black & Decker Inc,USD,"NEW YORK STOCK EXCHANGE, INC.",Machinery,https://static.finnhub.io/logo/5acc625a815c258fc2f37a7ee1e02489374a3c1b896b8919dff795cfd7f2002d.png,https://www.stanleyblackanddecker.com/,A,High,BB,Medium,BB,Medium,555,315,300,1170,BBB,High,93556,04/19/2022,SWK04/19/2022,662183b3f6fcf517c9212aaa,134.46461486816406,144.55999755859375,144.77000427246094,141.3699951171875,141.3699951171875,1667800.0
SYK,Stryker Corp,USD,"NEW YORK STOCK EXCHANGE, INC.",Health Care,https://static.finnhub.io/logo/7b69d1b8-80ec-11ea-8adc-00000000092a.png,https://www.stryker.com/,BBB,High,BB,Medium,BB,Medium,485,321,325,1131,BBB,High,310764,04/19/2022,SYK04/19/2022,662183b3f6fcf517c9212f8e,265.4967346191406,271.6700134277344,273.8299865722656,260.3800048828125,260.3800048828125,2345400.0
SYY,Sysco Corp,USD,"NEW YORK STOCK EXCHANGE, INC.",Retail,https://static.finnhub.io/logo/7d98fe90-80ec-11ea-8efe-00000000092a.png,https://www.sysco.com/,A,High,BB,Medium,BB,Medium,555,301,305,1161,BBB,High,96021,04/19/2022,SYY04/19/2022,662183b3f6fcf517c921337a,83.59854125976562,88.0999984741211,88.45999908447266,85.58000183105469,86.0999984741211,1954300.0
SHW,Sherwin-Williams Co,USD,"NEW YORK STOCK EXCHANGE, INC.",Chemicals,https://static.finnhub.io/logo/6f293378-80ec-11ea-a6d1-00000000092a.png,https://www.sherwin-williams.com/,B,Medium,B,Medium,B,Medium,295,259,220,774,BB,Medium,89800,04/19/2022,SHW04/19/2022,662183b3f6fcf517c92122d2,247.4252014160156,252.25,253.8500061035156,246.6499938964844,246.6499938964844,1275500.0
STE,STERIS plc,USD,"NEW YORK STOCK EXCHANGE, INC.",Health Care,https://static.finnhub.io/logo/7994efac322b7ad341facfee5c9fcf15f66bed805484134ee74b573f56fb60c1.png,https://www.steris.com/,A,High,BB,Medium,BB,Medium,510,301,305,1116,BBB,High,1757898,04/19/2022,STE04/19/2022,662183b3f6fcf517c9212e94,247.3500061035156,247.3500061035156,248.5,242.6699981689453,243.4600067138672,343200.0
SYF,Synchrony Financial,USD,"NEW YORK STOCK EXCHANGE, INC.",Financial Services,https://static.finnhub.io/logo/d47e2046-80cf-11ea-9956-00000000092a.png,https://www.synchrony.com/,BB,Medium,BB,Medium,BB,Medium,325,312,310,947,BBB,High,1601712,04/19/2022,SYF04/19/2022,662183b3f6fcf517c9213187,40.70000076293945,40.70000076293945,41.040000915527344,40.06999969482422,40.06999969482422,8155700.0
SPG,Simon Property Group Inc,USD,"NEW YORK STOCK EXCHANGE, INC.",Real Estate,https://static.finnhub.io/logo/7457aade-80ec-11ea-9de4-00000000092a.png,http://www.simon.com/,B,Medium,B,Medium,B,Medium,225,247,205,677,B,Medium,1063761,04/19/2022,SPG04/19/2022,662183b3f6fcf517c92123cd,131.32000732421875,131.32000732421875,131.75,127.88999938964844,128.77000427246094,1470700.0
SRE,Sempra Energy,USD,"NEW YORK STOCK EXCHANGE, INC.",Utilities,https://static.finnhub.io/logo/761f51b8-80ec-11ea-8baf-00000000092a.png,https://www.sempra.com/,AA,Excellent,BB,Medium,BB,Medium,700,386,310,1396,A,High,1032208,04/19/2022,SRE04/19/2022,662183b3f6fcf517c92120dc,85.13500213623047,85.13500213623047,86.11000061035156,85.05000305175781,85.84500122070312,3440600.0
STT,State Street Corp,USD,"NEW YORK STOCK EXCHANGE, INC.",Financial Services,https://static.finnhub.io/logo/79719626-80ec-11ea-aeff-00000000092a.png,https://www.statestreet.com/home.html,B,Medium,B,Medium,B,Medium,225,211,210,646,B,Medium,93751,04/19/2022,STT04/19/2022,662183b3f6fcf517c9212ca0,69.67300415039062,74.91000366210938,75.9000015258789,74.19999694824219,75.12000274658203,4617400.0
SO,Southern Co,USD,"NEW YORK STOCK EXCHANGE, INC.",Utilities,https://static.finnhub.io/logo/7372a876-80ec-11ea-85f4-00000000092a.png,https://www.southerncompany.com/,A,High,BB,Medium,BB,Medium,515,307,330,1152,BBB,High,92122,04/19/2022,SO04/19/2022,662183b3f6fcf517c92128b4,70.46458435058594,76.2699966430664,76.44000244140625,75.43000030517578,76.22000122070312,3759200.0
SNA,Snap-On Inc,USD,"NEW YORK STOCK EXCHANGE, INC.",Machinery,https://static.finnhub.io/logo/7270adb0-80ec-11ea-9ce1-00000000092a.png,https://www.snapon.com/,A,High,BB,Medium,B,Medium,500,300,261,1061,BBB,High,91440,04/19/2022,SNA04/19/2022,662183b3f6fcf517c92126be,215.3187255859375,226.8699951171875,227.47000122070312,217.42999267578125,217.6499938964844,911300.0
TEL,TE Connectivity Ltd,USD,"NEW YORK STOCK EXCHANGE, INC.",Electrical Equipment,https://static.finnhub.io/logo/81c63b2c-80ec-11ea-baa4-00000000092a.png,https://www.te.com/,B,Medium,B,Medium,B,Medium,200,200,200,600,B,Medium,1385157,04/19/2022,TEL04/19/2022,662183b3f6fcf517c9213a5a,124.37999725341795,124.37999725341795,124.63999938964844,122.27999877929688,122.3499984741211,972000.0
TFX,Teleflex Inc,USD,"NEW YORK STOCK EXCHANGE, INC.",Health Care,https://static4.finnhub.io/file/publicdatany2/stock_logo/TFX_4295905048.jpg,https://www.teleflex.com/,B,Medium,B,Medium,B,Medium,200,200,200,600,B,Medium,96943,04/19/2022,TFX04/19/2022,662183b3f6fcf517c9213c50,334.8057556152344,338.7300109863281,344.6099853515625,327.760009765625,327.760009765625,345200.0
TDY,Teledyne Technologies Inc,USD,"NEW YORK STOCK EXCHANGE, INC.",Electrical Equipment,https://static.finnhub.io/logo/800bfc1a-80ec-11ea-bbca-00000000092a.png,https://www.teledyne.com/,A,High,BB,Medium,BB,Medium,500,300,300,1100,BBB,High,1094285,04/19/2022,TDY04/19/2022,662183b3f6fcf517c9213b55,482.4599914550781,482.4599914550781,486.6700134277344,479.5400085449219,481.8399963378906,212300.0
TGT,Target Corp,USD,"NEW YORK STOCK EXCHANGE, INC.",Retail,https://static.finnhub.io/logo/83bbf858-80ec-11ea-9454-00000000092a.png,https://corporate.target.com/,A,High,BB,Medium,BB,Medium,550,342,313,1205,A,High,27419,04/19/2022,TGT04/19/2022,662183b3f6fcf517c921395f,232.68853759765625,246.0500030517578,247.1999969482422,239.47000122070312,240.3099975585937,4715700.0
TJX,TJX Companies Inc,USD,"NEW YORK STOCK EXCHANGE, INC.",Retail,https://static.finnhub.io/logo/867767c8-80ec-11ea-84cc-00000000092a.png,https://www.tjx.com/index.html,A,High,BB,Medium,BB,Medium,500,300,300,1100,BBB,High,109198,04/19/2022,TJX04/19/2022,662183b3f6fcf517c9214232,63.306373596191406,65.43000030517578,65.62999725341797,62.43000030517578,62.56999969482422,9021100.0
TRV,Travelers Companies Inc,USD,"NEW YORK STOCK EXCHANGE, INC.",Insurance,https://static.finnhub.io/logo/8a5ea176-80ec-11ea-bcad-00000000092a.png,https://www.travelers.com/,A,High,BB,Medium,BB,Medium,500,300,300,1100,BBB,High,86312,07/27/2022,TRV07/27/2022,662183b3f6fcf517c9214662,158.9600067138672,158.9600067138672,161.66000366210938,157.25999450683594,161.32000732421875,1456300.0
TMO,Thermo Fisher Scientific Inc,USD,"NEW YORK STOCK EXCHANGE, INC.",Life Sciences Tools and Services,https://static.finnhub.io/logo/87f0bdac-80ec-11ea-b741-00000000092a.png,https://www.thermofisher.com/,A,High,BB,Medium,B,Medium,527,332,280,1139,BBB,High,97745,04/19/2022,TMO04/19/2022,662183b3f6fcf517c9214139,571.2993774414062,574.1500244140625,576.0,568.3499755859375,574.760009765625,1139000.0
TSN,Tyson Foods Inc,USD,"NEW YORK STOCK EXCHANGE, INC.",Food Products,https://static.finnhub.io/logo/8b141262-80ec-11ea-805e-00000000092a.png,https://www.tysonfoods.com/,A,High,BB,Medium,BB,Medium,530,374,340,1244,A,High,100493,04/19/2022,TSN04/19/2022,662183b3f6fcf517c9214a0a,91.439208984375,97.4800033569336,97.81999969482422,95.11000061035156,95.41999816894533,1911700.0
TYL,Tyler Technologies Inc,USD,"NEW YORK STOCK EXCHANGE, INC.",Technology,https://static.finnhub.io/logo/8f0155d4-80ec-11ea-a06e-00000000092a.png,https://www.tylertech.com/,BBB,High,BB,Medium,BB,Medium,400,306,305,1011,BBB,High,860731,04/19/2022,TYL04/19/2022,662183b3f6fcf517c921490f,410.7900085449219,410.7900085449219,411.3299865722656,397.3200073242188,397.8299865722656,149900.0
UNH,UnitedHealth Group Inc,USD,"NEW YORK STOCK EXCHANGE, INC.",Health Care,https://static.finnhub.io/logo/91f38836-80ec-11ea-a5be-00000000092a.png,https://www.unitedhealthgroup.com/,A,High,BB,Medium,BB,Medium,500,300,300,1100,BBB,High,731766,04/19/2022,UNH04/19/2022,662183b3f6fcf517c92152da,522.5145874023438,537.7000122070312,542.47998046875,535.239990234375,535.8900146484375,2207600.0
UPS,United Parcel Service Inc,USD,"NEW YORK STOCK EXCHANGE, INC.",Logistics and Transportation,https://static.finnhub.io/logo/938d3558-80ec-11ea-b87d-00000000092a.png,https://www.ups.com/,A,High,BB,Medium,B,Medium,540,374,245,1159,BBB,High,1090727,04/19/2022,UPS04/19/2022,662183b3f6fcf517c92150e5,176.82888793945312,190.69000244140625,191.5,187.66000366210932,188.25,2448800.0
UDR,UDR Inc,USD,"NEW YORK STOCK EXCHANGE, INC.",Real Estate,https://static.finnhub.io/logo/900c0f4a-80ec-11ea-8d9b-00000000092a.png,https://www.udr.com/,B,Medium,BB,Medium,B,Medium,225,301,215,741,B,Medium,74208,04/19/2022,UDR04/19/2022,662183b3f6fcf517c9214cfb,53.413421630859375,58.0,58.25,57.560001373291016,57.560001373291016,889600.0
UHS,Universal Health Services Inc,USD,"NEW YORK STOCK EXCHANGE, INC.",Health Care,https://static.finnhub.io/logo/91358978-80ec-11ea-9330-00000000092a.png,https://uhs.com/,A,High,BB,Medium,BB,Medium,560,320,338,1218,A,High,352915,04/19/2022,UHS04/19/2022,662183b3f6fcf517c92153d8,151.4600067138672,151.4600067138672,153.52000427246094,151.17999267578125,152.0,524500.0
MOS,Mosaic Co,USD,"NEW YORK STOCK EXCHANGE, INC.",Chemicals,https://static.finnhub.io/logo/2d0284ee-80ec-11ea-9f28-00000000092a.png,https://www.mosaicco.com/,A,High,BB,Medium,BB,Medium,515,379,315,1209,A,High,1285785,04/18/2022,MOS04/18/2022,662183b2f6fcf517c920ce7f,75.0434341430664,78.1500015258789,79.27999877929688,75.22000122070312,75.98999786376953,6319500.0
USB,US Bancorp,USD,"NEW YORK STOCK EXCHANGE, INC.",Banking,https://static.finnhub.io/logo/9490028a-80ec-11ea-bee6-00000000092a.png,https://www.usbank.com/,BB,Medium,BB,Medium,BB,Medium,336,317,300,953,BBB,High,36104,04/19/2022,USB04/19/2022,662183b3f6fcf517c9214b02,47.92643356323242,52.880001068115234,53.33000183105469,52.41999816894531,53.09000015258789,7707000.0
URI,United Rentals Inc,USD,"NEW YORK STOCK EXCHANGE, INC.",Trading Companies and Distributors,https://static.finnhub.io/logo/93d2840c-80ec-11ea-af66-00000000092a.png,https://www.unitedrentals.com/,BBB,High,BB,Medium,BB,Medium,472,318,300,1090,BBB,High,1067701,04/19/2022,URI04/19/2022,662183b3f6fcf517c92151e1,345.72711181640625,351.4800109863281,352.239990234375,340.0,340.2099914550781,613300.0
VLO,Valero Energy Corp,USD,"NEW YORK STOCK EXCHANGE, INC.",Energy,https://static.finnhub.io/logo/9895287e-80ec-11ea-9005-00000000092a.png,https://www.valero.com/,AA,Excellent,BB,Medium,BB,Medium,608,307,330,1245,A,High,1035002,04/19/2022,VLO04/19/2022,662183b3f6fcf517c92154d3,101.06841278076172,107.73999786376952,111.5199966430664,107.37999725341795,109.4800033569336,5141800.0
V,Visa Inc,USD,"NEW YORK STOCK EXCHANGE, INC.",Technology,https://static.finnhub.io/logo/96a1dba6-80ec-11ea-8ab6-00000000092a.png,https://usa.visa.com/,A,High,BB,Medium,BB,Medium,504,368,310,1182,BBB,High,1403161,04/19/2022,V04/19/2022,662183b3f6fcf517c9215da6,212.34356689453125,215.6999969482422,216.509994506836,212.44000244140625,213.1000061035156,5028800.0
VTR,Ventas Inc,USD,"NEW YORK STOCK EXCHANGE, INC.",Real Estate,https://static.finnhub.io/logo/e63599b4-8279-11ea-a58d-00000000092a.png,https://www.ventasreit.com/,A,High,BB,Medium,BB,Medium,500,300,300,1100,BBB,High,740260,04/19/2022,VTR04/19/2022,662183b3f6fcf517c92155ce,55.91880035400391,60.560001373291016,61.119998931884766,60.41999816894531,60.810001373291016,1727800.0
VMC,Vulcan Materials Co,USD,"NEW YORK STOCK EXCHANGE, INC.",Construction,https://static.finnhub.io/logo/98e82364-80ec-11ea-91db-00000000092a.png,https://www.vulcanmaterials.com/,A,High,BB,Medium,BB,Medium,570,319,300,1189,BBB,High,1396009,04/19/2022,VMC04/19/2022,662183b3f6fcf517c9215ea1,177.2100067138672,177.2100067138672,177.7100067138672,173.9199981689453,174.5,633900.0
WEC,WEC Energy Group Inc,USD,"NEW YORK STOCK EXCHANGE, INC.",Utilities,https://static.finnhub.io/logo/9ed91c64-80ec-11ea-a88a-00000000092a.png,https://www.wecenergygroup.com/,AA,Excellent,BBB,High,BB,Medium,635,438,300,1373,A,High,783325,04/19/2022,WEC04/19/2022,662183b3f6fcf517c9216774,104.5199966430664,104.5199966430664,104.81999969482422,103.1500015258789,103.41000366210938,1447200.0
WELL,Welltower OP LLC,USD,"NEW YORK STOCK EXCHANGE, INC.",Real Estate,https://static.finnhub.io/logo/f36a2b02-80eb-11ea-bd6a-00000000092a.png,https://welltower.com/,BBB,High,BB,Medium,BB,Medium,437,326,300,1063,BBB,High,766704,04/21/2022,WELL04/21/2022,662183b3f6fcf517c9216971,97.3000030517578,97.3000030517578,98.2699966430664,97.12999725341795,97.91999816894533,2477900.0
WMB,Williams Companies Inc,USD,"NEW YORK STOCK EXCHANGE, INC.",Energy,https://static.finnhub.io/logo/9c7840c7a4d838e2d8eb3e1244b180fbd5d2c11bdfe84ff0591b407ac5c4272c.png,https://www.williams.com/,A,High,BB,Medium,BB,Medium,500,300,300,1100,BBB,High,107263,04/20/2022,WMB04/20/2022,662183b3f6fcf517c9216e52,32.33644485473633,35.91999816894531,36.18999862670898,35.400001525878906,35.54999923706055,6421100.0
WM,Waste Management Inc,USD,"NEW YORK STOCK EXCHANGE, INC.",Commercial Services and Supplies,https://static.finnhub.io/logo/a3d670b8-80ec-11ea-bd29-00000000092a.png,https://www.wm.com/,AA,Excellent,BBB,High,B,Medium,613,408,285,1306,A,High,823768,04/19/2022,WM04/19/2022,662183b3f6fcf517c921657c,153.92453002929688,159.0800018310547,159.74000549316406,158.30999755859375,158.36000061035156,1343100.0
WFC,Wells Fargo & Co,USD,"NEW YORK STOCK EXCHANGE, INC.",Banking,https://static.finnhub.io/logo/a108f354-80ec-11ea-a9e8-00000000092a.png,https://www.wellsfargo.com/,A,High,BB,Medium,BB,Medium,500,300,300,1100,BBB,High,72971,04/19/2022,WFC04/19/2022,662183b3f6fcf517c921686d,45.20040512084961,47.83000183105469,48.18999862670898,47.33000183105469,47.38999938964844,19753300.0
WAT,Waters Corp,USD,"NEW YORK STOCK EXCHANGE, INC.",Life Sciences Tools and Services,https://static.finnhub.io/logo/0a5c3417481b22f5acd53469adf5c18e0c8d5a99e49bd245766818352728169f.png,https://www.waters.com/nextgen/us/en.html,B,Medium,B,Medium,B,Medium,270,292,235,797,BB,Medium,1000697,04/19/2022,WAT04/19/2022,662183b3f6fcf517c9216679,300.79998779296875,300.79998779296875,301.239990234375,292.0,292.70001220703125,415000.0
WAB,Westinghouse Air Brake Technologies Corp,USD,"NEW YORK STOCK EXCHANGE, INC.",Machinery,https://static.finnhub.io/logo/9c29d5da-80ec-11ea-a77b-00000000092a.png,https://www.wabteccorp.com/,AA,Excellent,BB,Medium,BB,Medium,607,311,320,1238,A,High,943452,04/19/2022,WAB04/19/2022,662183b3f6fcf517c9216094,90.9499969482422,90.9499969482422,91.0199966430664,89.27999877929688,89.38999938964844,864000.0
WRB,W R Berkley Corp,USD,"NEW YORK STOCK EXCHANGE, INC.",Insurance,https://static.finnhub.io/logo/740dcb527b61009b015033853e9bfbf73290277f9b9ea340f649eed255598acf.png,https://www.berkley.com,BB,Medium,B,Medium,BB,Medium,360,294,300,954,BBB,High,11544,04/19/2022,WRB04/19/2022,662183b3f6fcf517c9215f9c,69.19999694824219,69.19999694824219,69.68000030517578,68.63999938964844,69.45999908447266,1705800.0
WST,West Pharmaceutical Services Inc,USD,"NEW YORK STOCK EXCHANGE, INC.",Life Sciences Tools and Services,https://static.finnhub.io/logo/a8401906-80ec-11ea-b1a2-00000000092a.png,https://www.westpharma.com/,A,High,BB,Medium,BB,Medium,540,330,305,1175,BBB,High,105770,04/20/2022,WST04/20/2022,662183b3f6fcf517c9216a66,370.1421203613281,371.75,377.7999877929688,366.5299987792969,373.1799926757813,578900.0
WMT,Walmart Inc,USD,"NEW YORK STOCK EXCHANGE, INC.",Retail,https://static.finnhub.io/logo/52057505dd05a752d364065fcddf7772a700b31c47c39e9dcb41e393f6693d52.png,https://corporate.walmart.com,BB,Medium,B,Medium,B,Medium,310,281,220,811,BB,Medium,104169,04/19/2022,WMT04/19/2022,662183b3f6fcf517c921628a,50.98291015625,52.54999923706055,52.650001525878906,52.01333236694336,52.223331451416016,15855000.0
YUM,Yum! Brands Inc,USD,"NEW YORK STOCK EXCHANGE, INC.",Hotels Restaurants and Leisure,https://static2.finnhub.io/file/publicdatany/finnhubimage/stock_logo/YUM_4295905127.png,https://www.yum.com/wps/portal/yumbrands/Yumbrands,A,High,BB,Medium,BB,Medium,500,320,310,1130,BBB,High,1041061,04/20/2022,YUM04/20/2022,662183b3f6fcf517c9217431,125.6999969482422,125.6999969482422,126.4000015258789,125.0,125.0,1773400.0
WY,Weyerhaeuser Co,USD,"NEW YORK STOCK EXCHANGE, INC.",Real Estate,https://static.finnhub.io/logo/ac1dd6b8-80ec-11ea-997a-00000000092a.png,https://www.weyerhaeuser.com/,AA,Excellent,BB,Medium,BB,Medium,700,340,300,1340,A,High,106535,04/20/2022,WY04/20/2022,662183b3f6fcf517c9216d54,42.130001068115234,42.130001068115234,42.540000915527344,41.59999847412109,41.61000061035156,4632600.0
XYL,Xylem Inc,USD,"NEW YORK STOCK EXCHANGE, INC.",Machinery,https://static.finnhub.io/logo/b7806a5bdc1a1644d60a225492aab173dfd95635750d7b9b45b8c0b294de1c6b.png,https://www.xylem.com/,BB,Medium,B,Medium,B,Medium,374,254,210,838,BB,Medium,1524472,04/20/2022,XYL04/20/2022,662183b3f6fcf517c9217336,86.80000305175781,86.80000305175781,87.4800033569336,85.97000122070312,86.33999633789062,905200.0
WRK,Westrock Co,USD,"NEW YORK STOCK EXCHANGE, INC.",Packaging,https://static.finnhub.io/logo/3f3f2482-80d2-11ea-a5a1-00000000092a.png,https://www.westrock.com/,A,High,BB,Medium,BB,Medium,555,324,305,1184,BBB,High,1732845,04/20/2022,WRK04/20/2022,662183b3f6fcf517c9216c5b,52.20000076293945,52.20000076293945,52.65999984741211,51.560001373291016,51.65999984741211,1996200.0
ZBH,Zimmer Biomet Holdings Inc,USD,"NEW YORK STOCK EXCHANGE, INC.",Health Care,https://static.finnhub.io/logo/af918252-80ec-11ea-8921-00000000092a.png,https://www.zimmerbiomet.com/en,A,High,BB,Medium,BB,Medium,520,330,310,1160,BBB,High,1136869,04/20/2022,ZBH04/20/2022,662183b3f6fcf517c9217629,131.7259979248047,133.85000610351562,134.19000244140625,131.10000610351562,131.4499969482422,1976600.0
ZTS,Zoetis Inc,USD,"NEW YORK STOCK EXCHANGE, INC.",Pharmaceuticals,https://static.finnhub.io/logo/aae505a6-80cd-11ea-ae5f-00000000092a.png,https://www.zoetis.com/,A,High,BB,Medium,BB,Medium,520,348,310,1178,BBB,High,1555280,04/20/2022,ZTS04/20/2022,662183b3f6fcf517c9217725,184.928451538086,187.77999877929688,190.8000030517578,185.16000366210932,186.0,2085000.0
CRM,Salesforce Inc,USD,"NEW YORK STOCK EXCHANGE, INC.",Technology,https://static.finnhub.io/logo/5a800a68f67c85e1158caac04d7571fd645fadb4db02255a64f72805ff5c7e2a.png,https://www.salesforce.com/,B,Medium,B,Medium,B,Medium,215,241,200,656,B,Medium,1108524,04/19/2022,CRM04/19/2022,662183b3f6fcf517c9211cf0,191.14031982421875,191.38999938964844,192.1999969482422,185.5200042724609,187.2400054931641,6120400.0
CVX,Chevron Corp,USD,"NEW YORK STOCK EXCHANGE, INC.",Energy,https://static.finnhub.io/logo/b5214c2e-80eb-11ea-b823-00000000092a.png,https://www.chevron.com/,B,Medium,B,Medium,B,Medium,210,217,210,637,B,Medium,93410,04/22/2022,CVX04/22/2022,662183b1f6fcf517c91ff0ea,149.4196319580078,160.9499969482422,165.47000122070312,160.86000061035156,164.3800048828125,12160100.0
CTVA,Corteva Inc,USD,"NEW YORK STOCK EXCHANGE, INC.",Chemicals,https://static.finnhub.io/logo/5e5e239c-80da-11ea-9057-00000000092a.png,https://www.corteva.com,AA,Excellent,BB,Medium,BB,Medium,610,312,320,1242,A,High,1755672,10/06/2022,CTVA10/06/2022,662183b1f6fcf517c9200bd8,59.8650016784668,60.88999938964844,61.959999084472656,60.75,61.209999084472656,3219100.0
LW,Lamb Weston Holdings Inc,USD,"NEW YORK STOCK EXCHANGE, INC.",Food Products,https://static.finnhub.io/logo/7dd3316b07aaae0476f1aef88bc624d4c5c5182ca5aa592de10fd909d55f9d1c.png,https://www.lambweston.com/,BB,Medium,B,Medium,BB,Medium,345,256,300,901,BBB,High,1679273,10/06/2022,LW10/06/2022,662183b2f6fcf517c920a3d2,81.29347229003906,82.7300033569336,84.44999694824219,82.0999984741211,82.3499984741211,2526700.0
MA,Mastercard Inc,USD,"NEW YORK STOCK EXCHANGE, INC.",Technology,https://static.finnhub.io/logo/96406588fb76d52e50bf7c2bc0f730206a19c4f08371ead195e22ca07da3f66f.png,https://investor.mastercard.com/investor-relations/default.aspx,B,Medium,B,Medium,B,Medium,210,230,215,655,B,Medium,1141391,04/18/2022,MA04/18/2022,662183b2f6fcf517c920b6f7,356.79998779296875,356.79998779296875,360.760009765625,353.2200012207031,353.989990234375,1871400.0
MAA,Mid-America Apartment Communities Inc,USD,"NEW YORK STOCK EXCHANGE, INC.",Real Estate,https://static.finnhub.io/logo/1e4096dc-80ec-11ea-b0aa-00000000092a.png,https://www.maac.com/,BB,Medium,B,Medium,B,Medium,315,261,210,786,BB,Medium,912595,04/18/2022,MAA04/18/2022,662183b2f6fcf517c920c4b1,188.2991485595703,203.17999267578125,206.13999938964844,202.02999877929688,205.22000122070312,436600.0
LUV,Southwest Airlines Co,USD,"NEW YORK STOCK EXCHANGE, INC.",Airlines,https://static.finnhub.io/logo/b3772d81283effbcbc60d9f05a9d7e383119b5240c6c4d4cb4b5089d53e03cce.png,https://www.southwest.com/,B,Medium,BB,Medium,B,Medium,295,314,218,827,BB,Medium,92380,04/19/2022,LUV04/19/2022,662183b3f6fcf517c92129ac,47.34999847412109,47.34999847412109,47.70000076293945,46.619998931884766,46.619998931884766,6060900.0
LEN,Lennar Corp,USD,"NEW YORK STOCK EXCHANGE, INC.",Consumer products,https://static.finnhub.io/logo/16c7bb94-80ec-11ea-b498-00000000092a.png,https://www.lennar.com/,BB,Medium,BB,Medium,B,Medium,363,344,220,927,BBB,High,920760,04/18/2022,LEN04/18/2022,662183b2f6fcf517c920a64c,73.68018341064453,76.0199966430664,77.58999633789062,75.48999786376953,76.16000366210938,1731500.0
PG,Procter & Gamble Co,USD,"NEW YORK STOCK EXCHANGE, INC.",Consumer products,https://static.finnhub.io/logo/3670fb2ffd852345681a233e48444f3dcf2001b5471cdc3eba3b486b02a42653.png,https://us.pg.com/,A,High,BBB,High,BB,Medium,560,422,310,1292,A,High,80424,04/18/2022,PG04/18/2022,662183b3f6fcf517c9210080,149.32505798339844,157.05999755859375,158.97999572753906,156.52999877929688,158.47999572753906,6034500.0
OXY,Occidental Petroleum Corp,USD,"NEW YORK STOCK EXCHANGE, INC.",Energy,https://static.finnhub.io/logo/4bd186a6-80ec-11ea-a3b4-00000000092a.png,https://www.oxy.com/,A,High,BB,Medium,BB,Medium,505,302,300,1107,BBB,High,797468,04/18/2022,OXY04/18/2022,662183b3f6fcf517c920e50c,60.0710334777832,61.369998931884766,63.0099983215332,59.93000030517578,60.209999084472656,30802500.0
MLM,Martin Marietta Materials Inc,USD,"NEW YORK STOCK EXCHANGE, INC.",Construction,https://static.finnhub.io/logo/287fe388-80ec-11ea-9de9-00000000092a.png,https://www.martinmarietta.com/,A,High,BB,Medium,BB,Medium,573,313,300,1186,BBB,High,916076,04/18/2022,MLM04/18/2022,662183b2f6fcf517c920b4ff,357.5997009277344,362.4700012207031,367.0700073242188,360.760009765625,364.4700012207031,270000.0
PAYC,Paycom Software Inc,USD,"NEW YORK STOCK EXCHANGE, INC.",Technology,https://static.finnhub.io/logo/b628d340-80cf-11ea-98d8-00000000092a.png,https://www.paycom.com/,BBB,High,BB,Medium,BB,Medium,470,305,315,1090,BBB,High,1590955,04/18/2022,PAYC04/18/2022,662183b3f6fcf517c920f1cb,306.3484802246094,308.45001220703125,317.27398681640625,300.2799987792969,316.70001220703125,661100.0
PEG,Public Service Enterprise Group Inc,USD,"NEW YORK STOCK EXCHANGE, INC.",Utilities,https://static.finnhub.io/logo/bd3fa8b3e81d439c73c3b9a41a0245b2f6290a78ba714a357aaad6b2d8bb6329.png,https://corporate.pseg.com/,A,High,BB,Medium,B,Medium,500,300,205,1005,BBB,High,788784,04/19/2022,PEG04/19/2022,662183b3f6fcf517c921046f,68.01494598388672,73.08000183105469,73.2699966430664,72.52999877929688,72.52999877929688,1793800.0
OKE,ONEOK Inc,USD,"NEW YORK STOCK EXCHANGE, INC.",Energy,https://static.finnhub.io/logo/bcc2fea52eb4ed3c09480c39a0f866f1ff14ceebca9b32d8e364cbc3a63d217b.png,https://www.oneok.com/,A,High,BB,Medium,BB,Medium,581,326,355,1262,A,High,1039684,04/18/2022,OKE04/18/2022,662183b3f6fcf517c920e8f8,64.48545837402344,72.5,73.37999725341797,71.26000213623047,71.7699966430664,4433700.0
NRG,NRG Energy Inc,USD,"NEW YORK STOCK EXCHANGE, INC.",Utilities,https://static.finnhub.io/logo/3ffb315a-80ec-11ea-bff8-00000000092a.png,https://www.nrg.com/,BB,Medium,BB,Medium,B,Medium,371,327,218,916,BBB,High,1013871,04/18/2022,NRG04/18/2022,662183b2f6fcf517c920df2a,36.92116165161133,39.83000183105469,39.95000076293945,39.2400016784668,39.25,1883600.0
L,Loews Corp,USD,"NEW YORK STOCK EXCHANGE, INC.",Insurance,https://static.finnhub.io/logo/497e1c10-80fc-11ea-a007-00000000092a.png,https://www.loews.com/,A,High,BB,Medium,BB,Medium,505,303,313,1121,BBB,High,60086,04/18/2022,L04/18/2022,662183b2f6fcf517c920ab30,65.5,65.5,65.68000030517578,64.77999877929688,64.77999877929688,690000.0
OMC,Omnicom Group Inc,USD,"NEW YORK STOCK EXCHANGE, INC.",Media,https://static.finnhub.io/logo/4a76e650-80ec-11ea-8407-00000000092a.png,https://www.omnicomgroup.com/,A,High,BB,Medium,BB,Medium,543,333,305,1181,BBB,High,29989,04/18/2022,OMC04/18/2022,662183b3f6fcf517c920e702,78.5999984741211,78.5999984741211,79.38999938964844,78.20999908447266,78.44000244140625,1624600.0
O,Realty Income Corp,USD,"NEW YORK STOCK EXCHANGE, INC.",Real Estate,https://static2.finnhub.io/file/publicdatany/finnhubimage/stock_logo/4295903058.jpeg,https://www.realtyincome.com/Home/default.aspx,A,High,BB,Medium,BB,Medium,500,300,300,1100,BBB,High,726728,04/19/2022,O04/19/2022,662183b3f6fcf517c9210f3f,66.99089813232422,74.12000274658203,74.2699966430664,73.3499984741211,73.37999725341797,3406000.0
UNP,Union Pacific Corp,USD,"NEW YORK STOCK EXCHANGE, INC.",Road and Rail,https://static.finnhub.io/logo/92d19634-80ec-11ea-b0ea-00000000092a.png,https://www.up.com/index.htm,B,Medium,B,Medium,B,Medium,290,257,245,792,BB,Medium,100885,04/19/2022,UNP04/19/2022,662183b3f6fcf517c9214eee,234.17950439453125,245.6199951171875,246.08999633789065,243.6199951171875,244.7700042724609,2269000.0
NEM,Newmont Corporation,USD,"NEW YORK STOCK EXCHANGE, INC.",Metals and Mining,https://static.finnhub.io/logo/39e32600-80ec-11ea-976b-00000000092a.png,https://newmont.com/,AA,Excellent,BB,Medium,BB,Medium,675,389,355,1419,A,High,1164727,04/18/2022,NEM04/18/2022,662183b2f6fcf517c920d461,78.79906463623047,85.41999816894531,86.37000274658203,85.0999984741211,85.55000305175781,5513800.0
NKE,Nike Inc,USD,"NEW YORK STOCK EXCHANGE, INC.",Textiles Apparel and Luxury Goods,https://static.finnhub.io/logo/570aa3f1982c6fd2b7f22fab7a3cdb509c2b07a4ac0ccdcd293e4bbe9ab9089c.png,https://about.nike.com/,B,Medium,B,Medium,B,Medium,205,275,200,680,B,Medium,320187,04/18/2022,NKE04/18/2022,662183b2f6fcf517c920d84d,128.40354919433594,131.6300048828125,133.38999938964844,130.30999755859375,132.0,5298200.0
LMT,Lockheed Martin Corp,USD,"NEW YORK STOCK EXCHANGE, INC.",Aerospace and Defense,https://static.finnhub.io/logo/18803aba-80ec-11ea-b8be-00000000092a.png,https://www.lockheedmartin.com/,A,High,BB,Medium,BB,Medium,510,324,320,1154,BBB,High,936468,04/18/2022,LMT04/18/2022,662183b2f6fcf517c920aa38,467.4400024414063,467.4400024414063,471.9700012207031,459.1099853515625,467.0,1638900.0
RSG,Republic Services Inc,USD,"NEW YORK STOCK EXCHANGE, INC.",Commercial Services and Supplies,https://static.finnhub.io/logo/67eb5792-80ec-11ea-933b-00000000092a.png,https://www.republicservices.com/,B,Medium,B,Medium,B,Medium,293,235,216,744,B,Medium,1060391,04/19/2022,RSG04/19/2022,662183b3f6fcf517c9211322,130.0735321044922,133.72000122070312,134.1199951171875,132.8000030517578,133.02000427246094,906200.0
EFX,Equifax Inc,USD,"NEW YORK STOCK EXCHANGE, INC.",Professional Services,https://static.finnhub.io/logo/ca2b7d6c-80eb-11ea-8e3d-00000000092a.png,https://www.equifax.com/,BB,Medium,BB,Medium,BB,Medium,390,300,305,995,BBB,High,33185,10/06/2022,EFX10/06/2022,662183b1f6fcf517c92037f8,172.4205322265625,174.32000732421875,180.32000732421875,173.77000427246094,180.05999755859375,968100.0
EVRG,Evergy Inc,USD,"NEW YORK STOCK EXCHANGE, INC.",Utilities,https://static.finnhub.io/logo/a5c31cb4-80ec-11ea-9d72-00000000092a.png,https://investors.evergy.com/,A,High,BB,Medium,BB,Medium,555,310,300,1165,BBB,High,1711269,10/06/2022,EVRG10/06/2022,662183b1f6fcf517c9203ed2,54.244728088378906,58.02999877929688,59.95000076293945,57.880001068115234,59.95000076293945,1881700.0
GL,Globe Life Inc,USD,"NEW YORK STOCK EXCHANGE, INC.",Insurance,https://static.finnhub.io/logo/87ab9652-80ec-11ea-833e-00000000092a.png,https://www.torchmarkcorp.com/,B,Medium,B,Medium,B,Medium,215,238,215,668,B,Medium,320335,07/06/2022,GL07/06/2022,662183b2f6fcf517c92064d1,97.07357788085938,98.43000030517578,98.83999633789062,96.52999877929688,97.5,886500.0
HWM,Howmet Aerospace Inc,USD,"NEW YORK STOCK EXCHANGE, INC.",Aerospace and Defense,https://static.finnhub.io/logo/a2081e1a9a1a03ebd504b5dd1bbd1630d116c5d274535b006710232b14114847.png,https://www.howmet.com/,A,High,BB,Medium,BB,Medium,525,315,320,1160,BBB,High,4281,10/06/2022,HWM10/06/2022,662183b2f6fcf517c92075bd,33.010581970214844,33.20000076293945,33.65999984741211,32.880001068115234,33.060001373291016,1778700.0
GE,General Electric Co,USD,"NEW YORK STOCK EXCHANGE, INC.",Industrial Conglomerates,https://static.finnhub.io/logo/e8784888-80eb-11ea-95e2-00000000092a.png,https://www.ge.com,A,High,BB,Medium,BB,Medium,533,300,300,1133,BBB,High,40545,10/06/2022,GE10/06/2022,662183b2f6fcf517c9205a46,40.97810363769531,41.25617599487305,42.04117965698242,40.988277435302734,41.57391357421875,7953396.0
PODD,Insulet Corp,USD,NASDAQ NMS - GLOBAL MARKET,Health Care,https://static.finnhub.io/logo/bd79a7d8-826a-11ea-ba18-00000000092a.png,https://www.omnipod.com,B,Medium,B,Medium,B,Medium,215,233,205,653,B,Medium,1145197,07/11/2022,PODD07/11/2022,662183b2f6fcf517c920823e,230.82000732421875,230.82000732421875,232.6499938964844,227.52999877929688,229.9900054931641,342800.0
